"original_path","git_status","size_bytes","action","destination"
".gsd/ARCHITECTURE.md","tracked","3837","archive","docs/archive/planning/2026-05-18/gsd/ARCHITECTURE.md"
".gsd/DECISIONS.md","tracked","16","archive","docs/archive/planning/2026-05-18/gsd/DECISIONS.md"
".gsd/examples/cross-platform.md","tracked","2229","archive","docs/archive/planning/2026-05-18/gsd/examples/cross-platform.md"
".gsd/examples/multi-wave-workflow.md","tracked","5912","archive","docs/archive/planning/2026-05-18/gsd/examples/multi-wave-workflow.md"
".gsd/examples/quick-reference.md","tracked","2486","archive","docs/archive/planning/2026-05-18/gsd/examples/quick-reference.md"
".gsd/examples/workflow-example.md","tracked","2602","archive","docs/archive/planning/2026-05-18/gsd/examples/workflow-example.md"
".gsd/JOURNAL.md","tracked","19","archive","docs/archive/planning/2026-05-18/gsd/JOURNAL.md"
".gsd/milestones/Core-Dependency-Update/1/1-PLAN.md","tracked","1154","archive","docs/archive/planning/2026-05-18/gsd/milestones/Core-Dependency-Update/1/1-PLAN.md"
".gsd/milestones/Core-Dependency-Update/1/1-SUMMARY.md","tracked","445","archive","docs/archive/planning/2026-05-18/gsd/milestones/Core-Dependency-Update/1/1-SUMMARY.md"
".gsd/milestones/Core-Dependency-Update/1/2-PLAN.md","tracked","996","archive","docs/archive/planning/2026-05-18/gsd/milestones/Core-Dependency-Update/1/2-PLAN.md"
".gsd/milestones/Core-Dependency-Update/1/2-SUMMARY.md","tracked","606","archive","docs/archive/planning/2026-05-18/gsd/milestones/Core-Dependency-Update/1/2-SUMMARY.md"
".gsd/milestones/Core-Dependency-Update/1/VERIFICATION.md","tracked","263","archive","docs/archive/planning/2026-05-18/gsd/milestones/Core-Dependency-Update/1/VERIFICATION.md"
".gsd/milestones/Core-Dependency-Update/2/1-PLAN.md","tracked","1404","archive","docs/archive/planning/2026-05-18/gsd/milestones/Core-Dependency-Update/2/1-PLAN.md"
".gsd/milestones/Core-Dependency-Update/2/1-SUMMARY.md","tracked","774","archive","docs/archive/planning/2026-05-18/gsd/milestones/Core-Dependency-Update/2/1-SUMMARY.md"
".gsd/milestones/Core-Dependency-Update/2/VERIFICATION.md","tracked","353","archive","docs/archive/planning/2026-05-18/gsd/milestones/Core-Dependency-Update/2/VERIFICATION.md"
".gsd/milestones/Core-Dependency-Update/3/1-PLAN.md","tracked","1285","archive","docs/archive/planning/2026-05-18/gsd/milestones/Core-Dependency-Update/3/1-PLAN.md"
".gsd/milestones/Core-Dependency-Update/3/1-SUMMARY.md","tracked","668","archive","docs/archive/planning/2026-05-18/gsd/milestones/Core-Dependency-Update/3/1-SUMMARY.md"
".gsd/milestones/Core-Dependency-Update/3/VERIFICATION.md","tracked","259","archive","docs/archive/planning/2026-05-18/gsd/milestones/Core-Dependency-Update/3/VERIFICATION.md"
".gsd/milestones/Core-Dependency-Update/4/1-PLAN.md","tracked","1541","archive","docs/archive/planning/2026-05-18/gsd/milestones/Core-Dependency-Update/4/1-PLAN.md"
".gsd/milestones/Core-Dependency-Update/4/1-SUMMARY.md","tracked","540","archive","docs/archive/planning/2026-05-18/gsd/milestones/Core-Dependency-Update/4/1-SUMMARY.md"
".gsd/milestones/Core-Dependency-Update/4/2-PLAN.md","tracked","1336","archive","docs/archive/planning/2026-05-18/gsd/milestones/Core-Dependency-Update/4/2-PLAN.md"
".gsd/milestones/Core-Dependency-Update/4/2-SUMMARY.md","tracked","697","archive","docs/archive/planning/2026-05-18/gsd/milestones/Core-Dependency-Update/4/2-SUMMARY.md"
".gsd/milestones/Core-Dependency-Update/4/VERIFICATION.md","tracked","425","archive","docs/archive/planning/2026-05-18/gsd/milestones/Core-Dependency-Update/4/VERIFICATION.md"
".gsd/milestones/Core-Dependency-Update/AUDIT.md","tracked","1439","archive","docs/archive/planning/2026-05-18/gsd/milestones/Core-Dependency-Update/AUDIT.md"
".gsd/milestones/Core-Dependency-Update/DECISIONS.md","tracked","16","archive","docs/archive/planning/2026-05-18/gsd/milestones/Core-Dependency-Update/DECISIONS.md"
".gsd/milestones/Core-Dependency-Update/JOURNAL.md","tracked","19","archive","docs/archive/planning/2026-05-18/gsd/milestones/Core-Dependency-Update/JOURNAL.md"
".gsd/milestones/Core-Dependency-Update-AUDIT.md","tracked","1439","archive","docs/archive/planning/2026-05-18/gsd/milestones/Core-Dependency-Update-AUDIT.md"
".gsd/milestones/Core-Dependency-Update-AUDIT-FINAL.md","tracked","1109","archive","docs/archive/planning/2026-05-18/gsd/milestones/Core-Dependency-Update-AUDIT-FINAL.md"
".gsd/milestones/Core-Dependency-Update-SUMMARY.md","tracked","802","archive","docs/archive/planning/2026-05-18/gsd/milestones/Core-Dependency-Update-SUMMARY.md"
".gsd/milestones/Technical-Debt-Hardening/1/1-PLAN.md","tracked","2435","archive","docs/archive/planning/2026-05-18/gsd/milestones/Technical-Debt-Hardening/1/1-PLAN.md"
".gsd/milestones/Technical-Debt-Hardening/1/1-SUMMARY.md","tracked","817","archive","docs/archive/planning/2026-05-18/gsd/milestones/Technical-Debt-Hardening/1/1-SUMMARY.md"
".gsd/milestones/Technical-Debt-Hardening/1/2-PLAN.md","tracked","1830","archive","docs/archive/planning/2026-05-18/gsd/milestones/Technical-Debt-Hardening/1/2-PLAN.md"
".gsd/milestones/Technical-Debt-Hardening/1/2-SUMMARY.md","tracked","609","archive","docs/archive/planning/2026-05-18/gsd/milestones/Technical-Debt-Hardening/1/2-SUMMARY.md"
".gsd/milestones/Technical-Debt-Hardening/1/VERIFICATION.md","tracked","419","archive","docs/archive/planning/2026-05-18/gsd/milestones/Technical-Debt-Hardening/1/VERIFICATION.md"
".gsd/milestones/Technical-Debt-Hardening/2/1-PLAN.md","tracked","2167","archive","docs/archive/planning/2026-05-18/gsd/milestones/Technical-Debt-Hardening/2/1-PLAN.md"
".gsd/milestones/Technical-Debt-Hardening/2/1-SUMMARY.md","tracked","672","archive","docs/archive/planning/2026-05-18/gsd/milestones/Technical-Debt-Hardening/2/1-SUMMARY.md"
".gsd/milestones/Technical-Debt-Hardening/2/2-PLAN.md","tracked","2021","archive","docs/archive/planning/2026-05-18/gsd/milestones/Technical-Debt-Hardening/2/2-PLAN.md"
".gsd/milestones/Technical-Debt-Hardening/2/2-SUMMARY.md","tracked","762","archive","docs/archive/planning/2026-05-18/gsd/milestones/Technical-Debt-Hardening/2/2-SUMMARY.md"
".gsd/milestones/Technical-Debt-Hardening/2/VERIFICATION.md","tracked","509","archive","docs/archive/planning/2026-05-18/gsd/milestones/Technical-Debt-Hardening/2/VERIFICATION.md"
".gsd/milestones/Technical-Debt-Hardening/3/1-PLAN.md","tracked","2350","archive","docs/archive/planning/2026-05-18/gsd/milestones/Technical-Debt-Hardening/3/1-PLAN.md"
".gsd/milestones/Technical-Debt-Hardening/3/1-SUMMARY.md","tracked","714","archive","docs/archive/planning/2026-05-18/gsd/milestones/Technical-Debt-Hardening/3/1-SUMMARY.md"
".gsd/milestones/Technical-Debt-Hardening/3/2-PLAN.md","tracked","1750","archive","docs/archive/planning/2026-05-18/gsd/milestones/Technical-Debt-Hardening/3/2-PLAN.md"
".gsd/milestones/Technical-Debt-Hardening/3/2-SUMMARY.md","tracked","648","archive","docs/archive/planning/2026-05-18/gsd/milestones/Technical-Debt-Hardening/3/2-SUMMARY.md"
".gsd/milestones/Technical-Debt-Hardening/3/VERIFICATION.md","tracked","580","archive","docs/archive/planning/2026-05-18/gsd/milestones/Technical-Debt-Hardening/3/VERIFICATION.md"
".gsd/milestones/Technical-Debt-Hardening/DECISIONS.md","tracked","16","archive","docs/archive/planning/2026-05-18/gsd/milestones/Technical-Debt-Hardening/DECISIONS.md"
".gsd/milestones/Technical-Debt-Hardening/JOURNAL.md","tracked","19","archive","docs/archive/planning/2026-05-18/gsd/milestones/Technical-Debt-Hardening/JOURNAL.md"
".gsd/milestones/Technical-Debt-Hardening-AUDIT.md","tracked","1453","archive","docs/archive/planning/2026-05-18/gsd/milestones/Technical-Debt-Hardening-AUDIT.md"
".gsd/milestones/Technical-Debt-Hardening-SUMMARY.md","tracked","873","archive","docs/archive/planning/2026-05-18/gsd/milestones/Technical-Debt-Hardening-SUMMARY.md"
".gsd/ROADMAP.md","tracked","255","archive","docs/archive/planning/2026-05-18/gsd/ROADMAP.md"
".gsd/SPEC.md","tracked","1128","archive","docs/archive/planning/2026-05-18/gsd/SPEC.md"
".gsd/STACK.md","tracked","2295","archive","docs/archive/planning/2026-05-18/gsd/STACK.md"
".gsd/STATE.md","tracked","149","archive","docs/archive/planning/2026-05-18/gsd/STATE.md"
".gsd/TECHNICAL_DEBT.md","tracked","18608","archive","docs/archive/planning/2026-05-18/gsd/TECHNICAL_DEBT.md"
".gsd/templates/architecture.md","tracked","2568","archive","docs/archive/planning/2026-05-18/gsd/templates/architecture.md"
".gsd/templates/context.md","tracked","1505","archive","docs/archive/planning/2026-05-18/gsd/templates/context.md"
".gsd/templates/DEBUG.md","tracked","3165","archive","docs/archive/planning/2026-05-18/gsd/templates/DEBUG.md"
".gsd/templates/decisions.md","tracked","622","archive","docs/archive/planning/2026-05-18/gsd/templates/decisions.md"
".gsd/templates/discovery.md","tracked","2668","archive","docs/archive/planning/2026-05-18/gsd/templates/discovery.md"
".gsd/templates/journal.md","tracked","851","archive","docs/archive/planning/2026-05-18/gsd/templates/journal.md"
".gsd/templates/milestone.md","tracked","1848","archive","docs/archive/planning/2026-05-18/gsd/templates/milestone.md"
".gsd/templates/phase-summary.md","tracked","1111","archive","docs/archive/planning/2026-05-18/gsd/templates/phase-summary.md"
".gsd/templates/PLAN.md","tracked","2077","archive","docs/archive/planning/2026-05-18/gsd/templates/PLAN.md"
".gsd/templates/project.md","tracked","2058","archive","docs/archive/planning/2026-05-18/gsd/templates/project.md"
".gsd/templates/requirements.md","tracked","2193","archive","docs/archive/planning/2026-05-18/gsd/templates/requirements.md"
".gsd/templates/RESEARCH.md","tracked","1584","archive","docs/archive/planning/2026-05-18/gsd/templates/RESEARCH.md"
".gsd/templates/roadmap.md","tracked","1829","archive","docs/archive/planning/2026-05-18/gsd/templates/roadmap.md"
".gsd/templates/spec.md","tracked","1232","archive","docs/archive/planning/2026-05-18/gsd/templates/spec.md"
".gsd/templates/sprint.md","tracked","1138","archive","docs/archive/planning/2026-05-18/gsd/templates/sprint.md"
".gsd/templates/stack.md","tracked","1431","archive","docs/archive/planning/2026-05-18/gsd/templates/stack.md"
".gsd/templates/state.md","tracked","1567","archive","docs/archive/planning/2026-05-18/gsd/templates/state.md"
".gsd/templates/state_snapshot.md","tracked","2618","archive","docs/archive/planning/2026-05-18/gsd/templates/state_snapshot.md"
".gsd/templates/SUMMARY.md","tracked","1950","archive","docs/archive/planning/2026-05-18/gsd/templates/SUMMARY.md"
".gsd/templates/todo.md","tracked","628","archive","docs/archive/planning/2026-05-18/gsd/templates/todo.md"
".gsd/templates/token_report.md","tracked","1389","archive","docs/archive/planning/2026-05-18/gsd/templates/token_report.md"
".gsd/templates/UAT.md","tracked","2976","archive","docs/archive/planning/2026-05-18/gsd/templates/UAT.md"
".gsd/templates/user-setup.md","tracked","1989","archive","docs/archive/planning/2026-05-18/gsd/templates/user-setup.md"
".gsd/templates/VERIFICATION.md","tracked","1540","archive","docs/archive/planning/2026-05-18/gsd/templates/VERIFICATION.md"
".gsd/TODO.md","tracked","16","archive","docs/archive/planning/2026-05-18/gsd/TODO.md"
".planning/03-graph-ui-completion/03-06-label-polish-design.md","tracked","7410","archive","docs/archive/planning/2026-05-18/planning/03-graph-ui-completion/03-06-label-polish-design.md"
".planning/debug/02-05-gpu-physics-grey-canvas.md","tracked","10480","archive","docs/archive/planning/2026-05-18/planning/debug/02-05-gpu-physics-grey-canvas.md"
".planning/debug/hover-label-not-appearing.md","tracked","3725","archive","docs/archive/planning/2026-05-18/planning/debug/hover-label-not-appearing.md"
".planning/debug/labels-not-appearing-on-zoom.md","tracked","12346","archive","docs/archive/planning/2026-05-18/planning/debug/labels-not-appearing-on-zoom.md"
".planning/debug/resolved/stable-badge-not-appearing.md","tracked","11329","archive","docs/archive/planning/2026-05-18/planning/debug/resolved/stable-badge-not-appearing.md"
".planning/debug/selected-label-not-persisting.md","tracked","2768","archive","docs/archive/planning/2026-05-18/planning/debug/selected-label-not-persisting.md"
".planning/debug/truncated-acc-and-gmail-data.md","tracked","9109","archive","docs/archive/planning/2026-05-18/planning/debug/truncated-acc-and-gmail-data.md"
".planning/milestones/v1.0-MILESTONE-AUDIT.md","tracked","11204","archive","docs/archive/planning/2026-05-18/planning/milestones/v1.0-MILESTONE-AUDIT.md"
".planning/milestones/v1.0-phases/01-foundation/01-01-PLAN.md","tracked","6075","archive","docs/archive/planning/2026-05-18/planning/milestones/v1.0-phases/01-foundation/01-01-PLAN.md"
".planning/milestones/v1.0-phases/01-foundation/01-01-SUMMARY.md","tracked","4125","archive","docs/archive/planning/2026-05-18/planning/milestones/v1.0-phases/01-foundation/01-01-SUMMARY.md"
".planning/milestones/v1.0-phases/01-foundation/01-02-PLAN.md","tracked","11656","archive","docs/archive/planning/2026-05-18/planning/milestones/v1.0-phases/01-foundation/01-02-PLAN.md"
".planning/milestones/v1.0-phases/01-foundation/01-02-SUMMARY.md","tracked","4445","archive","docs/archive/planning/2026-05-18/planning/milestones/v1.0-phases/01-foundation/01-02-SUMMARY.md"
".planning/milestones/v1.0-phases/01-foundation/01-03-PLAN.md","tracked","16982","archive","docs/archive/planning/2026-05-18/planning/milestones/v1.0-phases/01-foundation/01-03-PLAN.md"
".planning/milestones/v1.0-phases/01-foundation/01-03-SUMMARY.md","tracked","5182","archive","docs/archive/planning/2026-05-18/planning/milestones/v1.0-phases/01-foundation/01-03-SUMMARY.md"
".planning/milestones/v1.0-phases/01-foundation/01-04-PLAN.md","tracked","8964","archive","docs/archive/planning/2026-05-18/planning/milestones/v1.0-phases/01-foundation/01-04-PLAN.md"
".planning/milestones/v1.0-phases/01-foundation/01-04-SUMMARY.md","tracked","6162","archive","docs/archive/planning/2026-05-18/planning/milestones/v1.0-phases/01-foundation/01-04-SUMMARY.md"
".planning/milestones/v1.0-phases/01-foundation/01-CONTEXT.md","tracked","2782","archive","docs/archive/planning/2026-05-18/planning/milestones/v1.0-phases/01-foundation/01-CONTEXT.md"
".planning/milestones/v1.0-phases/01-foundation/01-RESEARCH.md","tracked","28505","archive","docs/archive/planning/2026-05-18/planning/milestones/v1.0-phases/01-foundation/01-RESEARCH.md"
".planning/milestones/v1.0-phases/01-foundation/01-VERIFICATION.md","tracked","13122","archive","docs/archive/planning/2026-05-18/planning/milestones/v1.0-phases/01-foundation/01-VERIFICATION.md"
".planning/milestones/v1.0-phases/02.5-acc-data-filter-refinement/02.5-01-PLAN.md","tracked","11012","archive","docs/archive/planning/2026-05-18/planning/milestones/v1.0-phases/02.5-acc-data-filter-refinement/02.5-01-PLAN.md"
".planning/milestones/v1.0-phases/02.5-acc-data-filter-refinement/02.5-01-SUMMARY.md","tracked","4485","archive","docs/archive/planning/2026-05-18/planning/milestones/v1.0-phases/02.5-acc-data-filter-refinement/02.5-01-SUMMARY.md"
".planning/milestones/v1.0-phases/02.5-acc-data-filter-refinement/02.5-02-PLAN.md","tracked","16341","archive","docs/archive/planning/2026-05-18/planning/milestones/v1.0-phases/02.5-acc-data-filter-refinement/02.5-02-PLAN.md"
".planning/milestones/v1.0-phases/02.5-acc-data-filter-refinement/02.5-02-SUMMARY.md","tracked","7642","archive","docs/archive/planning/2026-05-18/planning/milestones/v1.0-phases/02.5-acc-data-filter-refinement/02.5-02-SUMMARY.md"
".planning/milestones/v1.0-phases/02.5-acc-data-filter-refinement/02.5-03-PLAN.md","tracked","10699","archive","docs/archive/planning/2026-05-18/planning/milestones/v1.0-phases/02.5-acc-data-filter-refinement/02.5-03-PLAN.md"
".planning/milestones/v1.0-phases/02.5-acc-data-filter-refinement/02.5-03-SUMMARY.md","tracked","7817","archive","docs/archive/planning/2026-05-18/planning/milestones/v1.0-phases/02.5-acc-data-filter-refinement/02.5-03-SUMMARY.md"
".planning/milestones/v1.0-phases/02.5-acc-data-filter-refinement/02.5-04-PLAN.md","tracked","14075","archive","docs/archive/planning/2026-05-18/planning/milestones/v1.0-phases/02.5-acc-data-filter-refinement/02.5-04-PLAN.md"
".planning/milestones/v1.0-phases/02.5-acc-data-filter-refinement/02.5-04-SUMMARY.md","tracked","8175","archive","docs/archive/planning/2026-05-18/planning/milestones/v1.0-phases/02.5-acc-data-filter-refinement/02.5-04-SUMMARY.md"
".planning/milestones/v1.0-phases/02.5-acc-data-filter-refinement/02.5-05-DIAGNOSTIC.md","tracked","13840","archive","docs/archive/planning/2026-05-18/planning/milestones/v1.0-phases/02.5-acc-data-filter-refinement/02.5-05-DIAGNOSTIC.md"
".planning/milestones/v1.0-phases/02.5-acc-data-filter-refinement/02.5-05-PLAN.md","tracked","14250","archive","docs/archive/planning/2026-05-18/planning/milestones/v1.0-phases/02.5-acc-data-filter-refinement/02.5-05-PLAN.md"
".planning/milestones/v1.0-phases/02.5-acc-data-filter-refinement/02.5-05-SUMMARY.md","tracked","4457","archive","docs/archive/planning/2026-05-18/planning/milestones/v1.0-phases/02.5-acc-data-filter-refinement/02.5-05-SUMMARY.md"
".planning/milestones/v1.0-phases/02.5-acc-data-filter-refinement/02.5-06-PLAN.md","tracked","11938","archive","docs/archive/planning/2026-05-18/planning/milestones/v1.0-phases/02.5-acc-data-filter-refinement/02.5-06-PLAN.md"
".planning/milestones/v1.0-phases/02.5-acc-data-filter-refinement/02.5-06-SUMMARY.md","tracked","4352","archive","docs/archive/planning/2026-05-18/planning/milestones/v1.0-phases/02.5-acc-data-filter-refinement/02.5-06-SUMMARY.md"
".planning/milestones/v1.0-phases/02.5-acc-data-filter-refinement/02.5-CONTEXT.md","tracked","5186","archive","docs/archive/planning/2026-05-18/planning/milestones/v1.0-phases/02.5-acc-data-filter-refinement/02.5-CONTEXT.md"
".planning/milestones/v1.0-phases/02.5-acc-data-filter-refinement/02.5-RESEARCH.md","tracked","35844","archive","docs/archive/planning/2026-05-18/planning/milestones/v1.0-phases/02.5-acc-data-filter-refinement/02.5-RESEARCH.md"
".planning/milestones/v1.0-phases/02.5-acc-data-filter-refinement/02.5-VERIFICATION.md","tracked","17710","archive","docs/archive/planning/2026-05-18/planning/milestones/v1.0-phases/02.5-acc-data-filter-refinement/02.5-VERIFICATION.md"
".planning/milestones/v1.0-phases/02-cosmos-gl-renderer/02-01-PLAN.md","tracked","22916","archive","docs/archive/planning/2026-05-18/planning/milestones/v1.0-phases/02-cosmos-gl-renderer/02-01-PLAN.md"
".planning/milestones/v1.0-phases/02-cosmos-gl-renderer/02-01-SUMMARY.md","tracked","5776","archive","docs/archive/planning/2026-05-18/planning/milestones/v1.0-phases/02-cosmos-gl-renderer/02-01-SUMMARY.md"
".planning/milestones/v1.0-phases/02-cosmos-gl-renderer/02-02-PLAN.md","tracked","35067","archive","docs/archive/planning/2026-05-18/planning/milestones/v1.0-phases/02-cosmos-gl-renderer/02-02-PLAN.md"
".planning/milestones/v1.0-phases/02-cosmos-gl-renderer/02-02-SUMMARY.md","tracked","5121","archive","docs/archive/planning/2026-05-18/planning/milestones/v1.0-phases/02-cosmos-gl-renderer/02-02-SUMMARY.md"
".planning/milestones/v1.0-phases/02-cosmos-gl-renderer/02-03-PLAN.md","tracked","17521","archive","docs/archive/planning/2026-05-18/planning/milestones/v1.0-phases/02-cosmos-gl-renderer/02-03-PLAN.md"
".planning/milestones/v1.0-phases/02-cosmos-gl-renderer/02-03-SUMMARY.md","tracked","9236","archive","docs/archive/planning/2026-05-18/planning/milestones/v1.0-phases/02-cosmos-gl-renderer/02-03-SUMMARY.md"
".planning/milestones/v1.0-phases/02-cosmos-gl-renderer/02-04-PLAN.md","tracked","9126","archive","docs/archive/planning/2026-05-18/planning/milestones/v1.0-phases/02-cosmos-gl-renderer/02-04-PLAN.md"
".planning/milestones/v1.0-phases/02-cosmos-gl-renderer/02-04-SUMMARY.md","tracked","9874","archive","docs/archive/planning/2026-05-18/planning/milestones/v1.0-phases/02-cosmos-gl-renderer/02-04-SUMMARY.md"
".planning/milestones/v1.0-phases/02-cosmos-gl-renderer/02-05-PLAN.md","tracked","16753","archive","docs/archive/planning/2026-05-18/planning/milestones/v1.0-phases/02-cosmos-gl-renderer/02-05-PLAN.md"
".planning/milestones/v1.0-phases/02-cosmos-gl-renderer/02-05-SUMMARY.md","tracked","17828","archive","docs/archive/planning/2026-05-18/planning/milestones/v1.0-phases/02-cosmos-gl-renderer/02-05-SUMMARY.md"
".planning/milestones/v1.0-phases/02-cosmos-gl-renderer/02-06-PLAN.md","tracked","16041","archive","docs/archive/planning/2026-05-18/planning/milestones/v1.0-phases/02-cosmos-gl-renderer/02-06-PLAN.md"
".planning/milestones/v1.0-phases/02-cosmos-gl-renderer/02-06-SUMMARY.md","tracked","8046","archive","docs/archive/planning/2026-05-18/planning/milestones/v1.0-phases/02-cosmos-gl-renderer/02-06-SUMMARY.md"
".planning/milestones/v1.0-phases/02-cosmos-gl-renderer/02-CONTEXT.md","tracked","2785","archive","docs/archive/planning/2026-05-18/planning/milestones/v1.0-phases/02-cosmos-gl-renderer/02-CONTEXT.md"
".planning/milestones/v1.0-phases/02-cosmos-gl-renderer/02-RESEARCH.md","tracked","28491","archive","docs/archive/planning/2026-05-18/planning/milestones/v1.0-phases/02-cosmos-gl-renderer/02-RESEARCH.md"
".planning/milestones/v1.0-phases/02-cosmos-gl-renderer/02-VERIFICATION.md","tracked","18862","archive","docs/archive/planning/2026-05-18/planning/milestones/v1.0-phases/02-cosmos-gl-renderer/02-VERIFICATION.md"
".planning/milestones/v1.0-phases/03-graph-ui-completion/03-01-PLAN.md","tracked","12919","archive","docs/archive/planning/2026-05-18/planning/milestones/v1.0-phases/03-graph-ui-completion/03-01-PLAN.md"
".planning/milestones/v1.0-phases/03-graph-ui-completion/03-01-SUMMARY.md","tracked","7085","archive","docs/archive/planning/2026-05-18/planning/milestones/v1.0-phases/03-graph-ui-completion/03-01-SUMMARY.md"
".planning/milestones/v1.0-phases/03-graph-ui-completion/03-02-PLAN.md","tracked","16792","archive","docs/archive/planning/2026-05-18/planning/milestones/v1.0-phases/03-graph-ui-completion/03-02-PLAN.md"
".planning/milestones/v1.0-phases/03-graph-ui-completion/03-02-SUMMARY.md","tracked","9210","archive","docs/archive/planning/2026-05-18/planning/milestones/v1.0-phases/03-graph-ui-completion/03-02-SUMMARY.md"
".planning/milestones/v1.0-phases/03-graph-ui-completion/03-03-PLAN.md","tracked","18995","archive","docs/archive/planning/2026-05-18/planning/milestones/v1.0-phases/03-graph-ui-completion/03-03-PLAN.md"
".planning/milestones/v1.0-phases/03-graph-ui-completion/03-03-SUMMARY.md","tracked","874","archive","docs/archive/planning/2026-05-18/planning/milestones/v1.0-phases/03-graph-ui-completion/03-03-SUMMARY.md"
".planning/milestones/v1.0-phases/03-graph-ui-completion/03-04-PLAN.md","tracked","29382","archive","docs/archive/planning/2026-05-18/planning/milestones/v1.0-phases/03-graph-ui-completion/03-04-PLAN.md"
".planning/milestones/v1.0-phases/03-graph-ui-completion/03-04-SUMMARY.md","tracked","10414","archive","docs/archive/planning/2026-05-18/planning/milestones/v1.0-phases/03-graph-ui-completion/03-04-SUMMARY.md"
".planning/milestones/v1.0-phases/03-graph-ui-completion/03-05-PLAN.md","tracked","16195","archive","docs/archive/planning/2026-05-18/planning/milestones/v1.0-phases/03-graph-ui-completion/03-05-PLAN.md"
".planning/milestones/v1.0-phases/03-graph-ui-completion/03-05-SUMMARY.md","tracked","5404","archive","docs/archive/planning/2026-05-18/planning/milestones/v1.0-phases/03-graph-ui-completion/03-05-SUMMARY.md"
".planning/milestones/v1.0-phases/03-graph-ui-completion/03-CONTEXT.md","tracked","6769","archive","docs/archive/planning/2026-05-18/planning/milestones/v1.0-phases/03-graph-ui-completion/03-CONTEXT.md"
".planning/milestones/v1.0-phases/03-graph-ui-completion/03-RESEARCH.md","tracked","34856","archive","docs/archive/planning/2026-05-18/planning/milestones/v1.0-phases/03-graph-ui-completion/03-RESEARCH.md"
".planning/milestones/v1.0-phases/03-graph-ui-completion/03-UAT.md","tracked","3023","archive","docs/archive/planning/2026-05-18/planning/milestones/v1.0-phases/03-graph-ui-completion/03-UAT.md"
".planning/milestones/v1.0-phases/03-graph-ui-completion/03-VERIFICATION.md","tracked","16630","archive","docs/archive/planning/2026-05-18/planning/milestones/v1.0-phases/03-graph-ui-completion/03-VERIFICATION.md"
".planning/milestones/v1.0-phases/04.1-access-analysis-tab-replace-lists-with-astonishing-interactive-graphics-only-no-name-list-widgets/.gitkeep","tracked","0","archive","docs/archive/planning/2026-05-18/planning/milestones/v1.0-phases/04.1-access-analysis-tab-replace-lists-with-astonishing-interactive-graphics-only-no-name-list-widgets/.gitkeep"
".planning/milestones/v1.0-phases/04.1-access-analysis-tab-replace-lists-with-astonishing-interactive-graphics-only-no-name-list-widgets/04.1-01-PLAN.md","tracked","16556","archive","docs/archive/planning/2026-05-18/planning/milestones/v1.0-phases/04.1-access-analysis-tab-replace-lists-with-astonishing-interactive-graphics-only-no-name-list-widgets/04.1-01-PLAN.md"
".planning/milestones/v1.0-phases/04.1-access-analysis-tab-replace-lists-with-astonishing-interactive-graphics-only-no-name-list-widgets/04.1-01-SUMMARY.md","tracked","9218","archive","docs/archive/planning/2026-05-18/planning/milestones/v1.0-phases/04.1-access-analysis-tab-replace-lists-with-astonishing-interactive-graphics-only-no-name-list-widgets/04.1-01-SUMMARY.md"
".planning/milestones/v1.0-phases/04.1-access-analysis-tab-replace-lists-with-astonishing-interactive-graphics-only-no-name-list-widgets/04.1-02-PLAN.md","tracked","15241","archive","docs/archive/planning/2026-05-18/planning/milestones/v1.0-phases/04.1-access-analysis-tab-replace-lists-with-astonishing-interactive-graphics-only-no-name-list-widgets/04.1-02-PLAN.md"
".planning/milestones/v1.0-phases/04.1-access-analysis-tab-replace-lists-with-astonishing-interactive-graphics-only-no-name-list-widgets/04.1-02-SUMMARY.md","tracked","7245","archive","docs/archive/planning/2026-05-18/planning/milestones/v1.0-phases/04.1-access-analysis-tab-replace-lists-with-astonishing-interactive-graphics-only-no-name-list-widgets/04.1-02-SUMMARY.md"
".planning/milestones/v1.0-phases/04.1-access-analysis-tab-replace-lists-with-astonishing-interactive-graphics-only-no-name-list-widgets/04.1-03-PLAN.md","tracked","14161","archive","docs/archive/planning/2026-05-18/planning/milestones/v1.0-phases/04.1-access-analysis-tab-replace-lists-with-astonishing-interactive-graphics-only-no-name-list-widgets/04.1-03-PLAN.md"
".planning/milestones/v1.0-phases/04.1-access-analysis-tab-replace-lists-with-astonishing-interactive-graphics-only-no-name-list-widgets/04.1-03-SUMMARY.md","tracked","6950","archive","docs/archive/planning/2026-05-18/planning/milestones/v1.0-phases/04.1-access-analysis-tab-replace-lists-with-astonishing-interactive-graphics-only-no-name-list-widgets/04.1-03-SUMMARY.md"
".planning/milestones/v1.0-phases/04.1-access-analysis-tab-replace-lists-with-astonishing-interactive-graphics-only-no-name-list-widgets/04.1-04-PLAN.md","tracked","14608","archive","docs/archive/planning/2026-05-18/planning/milestones/v1.0-phases/04.1-access-analysis-tab-replace-lists-with-astonishing-interactive-graphics-only-no-name-list-widgets/04.1-04-PLAN.md"
".planning/milestones/v1.0-phases/04.1-access-analysis-tab-replace-lists-with-astonishing-interactive-graphics-only-no-name-list-widgets/04.1-04-SUMMARY.md","tracked","8450","archive","docs/archive/planning/2026-05-18/planning/milestones/v1.0-phases/04.1-access-analysis-tab-replace-lists-with-astonishing-interactive-graphics-only-no-name-list-widgets/04.1-04-SUMMARY.md"
".planning/milestones/v1.0-phases/04.1-access-analysis-tab-replace-lists-with-astonishing-interactive-graphics-only-no-name-list-widgets/04.1-CONTEXT.md","tracked","7870","archive","docs/archive/planning/2026-05-18/planning/milestones/v1.0-phases/04.1-access-analysis-tab-replace-lists-with-astonishing-interactive-graphics-only-no-name-list-widgets/04.1-CONTEXT.md"
".planning/milestones/v1.0-phases/04.1-access-analysis-tab-replace-lists-with-astonishing-interactive-graphics-only-no-name-list-widgets/04.1-RESEARCH.md","tracked","40241","archive","docs/archive/planning/2026-05-18/planning/milestones/v1.0-phases/04.1-access-analysis-tab-replace-lists-with-astonishing-interactive-graphics-only-no-name-list-widgets/04.1-RESEARCH.md"
".planning/milestones/v1.0-phases/04.1-access-analysis-tab-replace-lists-with-astonishing-interactive-graphics-only-no-name-list-widgets/04.1-VERIFICATION.md","tracked","14558","archive","docs/archive/planning/2026-05-18/planning/milestones/v1.0-phases/04.1-access-analysis-tab-replace-lists-with-astonishing-interactive-graphics-only-no-name-list-widgets/04.1-VERIFICATION.md"
".planning/milestones/v1.0-phases/04-access-analysis/04-01-PLAN.md","tracked","9153","archive","docs/archive/planning/2026-05-18/planning/milestones/v1.0-phases/04-access-analysis/04-01-PLAN.md"
".planning/milestones/v1.0-phases/04-access-analysis/04-01-SUMMARY.md","tracked","11036","archive","docs/archive/planning/2026-05-18/planning/milestones/v1.0-phases/04-access-analysis/04-01-SUMMARY.md"
".planning/milestones/v1.0-phases/04-access-analysis/04-02-PLAN.md","tracked","8392","archive","docs/archive/planning/2026-05-18/planning/milestones/v1.0-phases/04-access-analysis/04-02-PLAN.md"
".planning/milestones/v1.0-phases/04-access-analysis/04-02-SUMMARY.md","tracked","12658","archive","docs/archive/planning/2026-05-18/planning/milestones/v1.0-phases/04-access-analysis/04-02-SUMMARY.md"
".planning/milestones/v1.0-phases/04-access-analysis/04-03-PLAN.md","tracked","15444","archive","docs/archive/planning/2026-05-18/planning/milestones/v1.0-phases/04-access-analysis/04-03-PLAN.md"
".planning/milestones/v1.0-phases/04-access-analysis/04-03-SUMMARY.md","tracked","7322","archive","docs/archive/planning/2026-05-18/planning/milestones/v1.0-phases/04-access-analysis/04-03-SUMMARY.md"
".planning/milestones/v1.0-phases/04-access-analysis/04-04-PLAN.md","tracked","9095","archive","docs/archive/planning/2026-05-18/planning/milestones/v1.0-phases/04-access-analysis/04-04-PLAN.md"
".planning/milestones/v1.0-phases/04-access-analysis/04-04-SUMMARY.md","tracked","10271","archive","docs/archive/planning/2026-05-18/planning/milestones/v1.0-phases/04-access-analysis/04-04-SUMMARY.md"
".planning/milestones/v1.0-phases/04-access-analysis/04-05-PLAN.md","tracked","14589","archive","docs/archive/planning/2026-05-18/planning/milestones/v1.0-phases/04-access-analysis/04-05-PLAN.md"
".planning/milestones/v1.0-phases/04-access-analysis/04-05-SUMMARY.md","tracked","12315","archive","docs/archive/planning/2026-05-18/planning/milestones/v1.0-phases/04-access-analysis/04-05-SUMMARY.md"
".planning/milestones/v1.0-phases/04-access-analysis/04-06-PLAN.md","tracked","13551","archive","docs/archive/planning/2026-05-18/planning/milestones/v1.0-phases/04-access-analysis/04-06-PLAN.md"
".planning/milestones/v1.0-phases/04-access-analysis/04-06-SUMMARY.md","tracked","10793","archive","docs/archive/planning/2026-05-18/planning/milestones/v1.0-phases/04-access-analysis/04-06-SUMMARY.md"
".planning/milestones/v1.0-phases/04-access-analysis/04-07-PLAN.md","tracked","17884","archive","docs/archive/planning/2026-05-18/planning/milestones/v1.0-phases/04-access-analysis/04-07-PLAN.md"
".planning/milestones/v1.0-phases/04-access-analysis/04-07-SUMMARY.md","tracked","16355","archive","docs/archive/planning/2026-05-18/planning/milestones/v1.0-phases/04-access-analysis/04-07-SUMMARY.md"
".planning/milestones/v1.0-phases/04-access-analysis/04-08-PLAN.md","tracked","16860","archive","docs/archive/planning/2026-05-18/planning/milestones/v1.0-phases/04-access-analysis/04-08-PLAN.md"
".planning/milestones/v1.0-phases/04-access-analysis/04-08-SUMMARY.md","tracked","13308","archive","docs/archive/planning/2026-05-18/planning/milestones/v1.0-phases/04-access-analysis/04-08-SUMMARY.md"
".planning/milestones/v1.0-phases/04-access-analysis/04-CONTEXT.md","tracked","9792","archive","docs/archive/planning/2026-05-18/planning/milestones/v1.0-phases/04-access-analysis/04-CONTEXT.md"
".planning/milestones/v1.0-phases/04-access-analysis/04-RESEARCH.md","tracked","48696","archive","docs/archive/planning/2026-05-18/planning/milestones/v1.0-phases/04-access-analysis/04-RESEARCH.md"
".planning/milestones/v1.0-phases/04-access-analysis/04-VERIFICATION.md","tracked","11269","archive","docs/archive/planning/2026-05-18/planning/milestones/v1.0-phases/04-access-analysis/04-VERIFICATION.md"
".planning/milestones/v1.0-phases/04-access-analysis/deferred-items.md","tracked","5340","archive","docs/archive/planning/2026-05-18/planning/milestones/v1.0-phases/04-access-analysis/deferred-items.md"
".planning/milestones/v1.0-REQUIREMENTS.md","tracked","10589","archive","docs/archive/planning/2026-05-18/planning/milestones/v1.0-REQUIREMENTS.md"
".planning/milestones/v1.0-ROADMAP.md","tracked","13777","archive","docs/archive/planning/2026-05-18/planning/milestones/v1.0-ROADMAP.md"
".planning/phases/01-foundation-schema-sync/.gitkeep","tracked","0","archive","docs/archive/planning/2026-05-18/planning/phases/01-foundation-schema-sync/.gitkeep"
".planning/phases/01-foundation-schema-sync/01-01-PLAN.md","tracked","8596","archive","docs/archive/planning/2026-05-18/planning/phases/01-foundation-schema-sync/01-01-PLAN.md"
".planning/phases/01-foundation-schema-sync/01-01-SUMMARY.md","tracked","9488","archive","docs/archive/planning/2026-05-18/planning/phases/01-foundation-schema-sync/01-01-SUMMARY.md"
".planning/phases/01-foundation-schema-sync/01-02-PLAN.md","tracked","8043","archive","docs/archive/planning/2026-05-18/planning/phases/01-foundation-schema-sync/01-02-PLAN.md"
".planning/phases/01-foundation-schema-sync/01-02-SUMMARY.md","tracked","9297","archive","docs/archive/planning/2026-05-18/planning/phases/01-foundation-schema-sync/01-02-SUMMARY.md"
".planning/phases/01-foundation-schema-sync/01-03-PLAN.md","tracked","22584","archive","docs/archive/planning/2026-05-18/planning/phases/01-foundation-schema-sync/01-03-PLAN.md"
".planning/phases/01-foundation-schema-sync/01-03-SUMMARY.md","tracked","14172","archive","docs/archive/planning/2026-05-18/planning/phases/01-foundation-schema-sync/01-03-SUMMARY.md"
".planning/phases/01-foundation-schema-sync/01-04-PLAN.md","tracked","14947","archive","docs/archive/planning/2026-05-18/planning/phases/01-foundation-schema-sync/01-04-PLAN.md"
".planning/phases/01-foundation-schema-sync/01-04-SUMMARY.md","tracked","8585","archive","docs/archive/planning/2026-05-18/planning/phases/01-foundation-schema-sync/01-04-SUMMARY.md"
".planning/phases/01-foundation-schema-sync/01-CONTEXT.md","tracked","7807","archive","docs/archive/planning/2026-05-18/planning/phases/01-foundation-schema-sync/01-CONTEXT.md"
".planning/phases/01-foundation-schema-sync/01-IMPLEMENTATION-HANDOFF.md","tracked","11061","archive","docs/archive/planning/2026-05-18/planning/phases/01-foundation-schema-sync/01-IMPLEMENTATION-HANDOFF.md"
".planning/phases/01-foundation-schema-sync/01-RESEARCH.md","tracked","34000","archive","docs/archive/planning/2026-05-18/planning/phases/01-foundation-schema-sync/01-RESEARCH.md"
".planning/phases/01-foundation-schema-sync/01-VERIFICATION.md","tracked","19587","archive","docs/archive/planning/2026-05-18/planning/phases/01-foundation-schema-sync/01-VERIFICATION.md"
".planning/phases/01-foundation-schema-sync/deferred-items.md","tracked","1393","archive","docs/archive/planning/2026-05-18/planning/phases/01-foundation-schema-sync/deferred-items.md"
".planning/phases/02-core-extraction/02-01-PLAN.md","tracked","9140","archive","docs/archive/planning/2026-05-18/planning/phases/02-core-extraction/02-01-PLAN.md"
".planning/phases/02-core-extraction/02-01-SUMMARY.md","tracked","6803","archive","docs/archive/planning/2026-05-18/planning/phases/02-core-extraction/02-01-SUMMARY.md"
".planning/phases/02-core-extraction/02-02-PLAN.md","tracked","6061","archive","docs/archive/planning/2026-05-18/planning/phases/02-core-extraction/02-02-PLAN.md"
".planning/phases/02-core-extraction/02-02-SUMMARY.md","tracked","7775","archive","docs/archive/planning/2026-05-18/planning/phases/02-core-extraction/02-02-SUMMARY.md"
".planning/phases/02-core-extraction/02-03-PLAN.md","tracked","18739","archive","docs/archive/planning/2026-05-18/planning/phases/02-core-extraction/02-03-PLAN.md"
".planning/phases/02-core-extraction/02-03-SUMMARY.md","tracked","11068","archive","docs/archive/planning/2026-05-18/planning/phases/02-core-extraction/02-03-SUMMARY.md"
".planning/phases/02-core-extraction/02-04-PLAN.md","tracked","17735","archive","docs/archive/planning/2026-05-18/planning/phases/02-core-extraction/02-04-PLAN.md"
".planning/phases/02-core-extraction/02-04-SUMMARY.md","tracked","15260","archive","docs/archive/planning/2026-05-18/planning/phases/02-core-extraction/02-04-SUMMARY.md"
".planning/phases/02-core-extraction/02-RESEARCH.md","tracked","41471","archive","docs/archive/planning/2026-05-18/planning/phases/02-core-extraction/02-RESEARCH.md"
".planning/phases/02-core-extraction/02-VERIFICATION.md","tracked","13934","archive","docs/archive/planning/2026-05-18/planning/phases/02-core-extraction/02-VERIFICATION.md"
".planning/phases/03-activity-pipeline/03-01-PLAN.md","tracked","10266","archive","docs/archive/planning/2026-05-18/planning/phases/03-activity-pipeline/03-01-PLAN.md"
".planning/phases/03-activity-pipeline/03-01-SUMMARY.md","tracked","11427","archive","docs/archive/planning/2026-05-18/planning/phases/03-activity-pipeline/03-01-SUMMARY.md"
".planning/phases/03-activity-pipeline/03-02-PLAN.md","tracked","17995","archive","docs/archive/planning/2026-05-18/planning/phases/03-activity-pipeline/03-02-PLAN.md"
".planning/phases/03-activity-pipeline/03-02-SUMMARY.md","tracked","12387","archive","docs/archive/planning/2026-05-18/planning/phases/03-activity-pipeline/03-02-SUMMARY.md"
".planning/phases/03-activity-pipeline/03-03-PLAN.md","tracked","12454","archive","docs/archive/planning/2026-05-18/planning/phases/03-activity-pipeline/03-03-PLAN.md"
".planning/phases/03-activity-pipeline/03-03-SUMMARY.md","tracked","12827","archive","docs/archive/planning/2026-05-18/planning/phases/03-activity-pipeline/03-03-SUMMARY.md"
".planning/phases/03-activity-pipeline/03-04-PLAN.md","tracked","14417","archive","docs/archive/planning/2026-05-18/planning/phases/03-activity-pipeline/03-04-PLAN.md"
".planning/phases/03-activity-pipeline/03-04-SUMMARY.md","tracked","11660","archive","docs/archive/planning/2026-05-18/planning/phases/03-activity-pipeline/03-04-SUMMARY.md"
".planning/phases/03-activity-pipeline/03-CONTEXT.md","tracked","8767","archive","docs/archive/planning/2026-05-18/planning/phases/03-activity-pipeline/03-CONTEXT.md"
".planning/phases/03-activity-pipeline/03-RESEARCH.md","tracked","50667","archive","docs/archive/planning/2026-05-18/planning/phases/03-activity-pipeline/03-RESEARCH.md"
".planning/phases/03-activity-pipeline/03-VERIFICATION.md","tracked","15715","archive","docs/archive/planning/2026-05-18/planning/phases/03-activity-pipeline/03-VERIFICATION.md"
".planning/phases/06-3d-spherical-graph-with-gravity-at-120fps/.gitkeep","untracked","0","archive","docs/archive/planning/2026-05-18/planning/phases/06-3d-spherical-graph-with-gravity-at-120fps/.gitkeep"
".planning/phases/06-3d-spherical-graph-with-gravity-at-120fps/06-01-PLAN.md","tracked","7109","archive","docs/archive/planning/2026-05-18/planning/phases/06-3d-spherical-graph-with-gravity-at-120fps/06-01-PLAN.md"
".planning/phases/06-3d-spherical-graph-with-gravity-at-120fps/06-02-PLAN.md","tracked","10035","archive","docs/archive/planning/2026-05-18/planning/phases/06-3d-spherical-graph-with-gravity-at-120fps/06-02-PLAN.md"
".planning/phases/06-3d-spherical-graph-with-gravity-at-120fps/06-03-PLAN.md","tracked","7344","archive","docs/archive/planning/2026-05-18/planning/phases/06-3d-spherical-graph-with-gravity-at-120fps/06-03-PLAN.md"
".planning/phases/06-3d-spherical-graph-with-gravity-at-120fps/06-04-PLAN.md","tracked","12262","archive","docs/archive/planning/2026-05-18/planning/phases/06-3d-spherical-graph-with-gravity-at-120fps/06-04-PLAN.md"
".planning/phases/06-3d-spherical-graph-with-gravity-at-120fps/06-05-PLAN.md","tracked","9192","archive","docs/archive/planning/2026-05-18/planning/phases/06-3d-spherical-graph-with-gravity-at-120fps/06-05-PLAN.md"
".planning/phases/06-3d-spherical-graph-with-gravity-at-120fps/06-06-PLAN.md","tracked","7474","archive","docs/archive/planning/2026-05-18/planning/phases/06-3d-spherical-graph-with-gravity-at-120fps/06-06-PLAN.md"
".planning/phases/06-3d-spherical-graph-with-gravity-at-120fps/06-07-PLAN.md","tracked","9397","archive","docs/archive/planning/2026-05-18/planning/phases/06-3d-spherical-graph-with-gravity-at-120fps/06-07-PLAN.md"
".planning/phases/06-3d-spherical-graph-with-gravity-at-120fps/06-08-PLAN.md","tracked","6345","archive","docs/archive/planning/2026-05-18/planning/phases/06-3d-spherical-graph-with-gravity-at-120fps/06-08-PLAN.md"
".planning/phases/06-3d-spherical-graph-with-gravity-at-120fps/06-09-PLAN.md","untracked","11654","archive","docs/archive/planning/2026-05-18/planning/phases/06-3d-spherical-graph-with-gravity-at-120fps/06-09-PLAN.md"
".planning/phases/06-3d-spherical-graph-with-gravity-at-120fps/06-10-PLAN.md","untracked","10185","archive","docs/archive/planning/2026-05-18/planning/phases/06-3d-spherical-graph-with-gravity-at-120fps/06-10-PLAN.md"
".planning/phases/06-3d-spherical-graph-with-gravity-at-120fps/06-CONTEXT.md","tracked","7196","archive","docs/archive/planning/2026-05-18/planning/phases/06-3d-spherical-graph-with-gravity-at-120fps/06-CONTEXT.md"
".planning/phases/06-3d-spherical-graph-with-gravity-at-120fps/06-RESEARCH.md","untracked","51354","archive","docs/archive/planning/2026-05-18/planning/phases/06-3d-spherical-graph-with-gravity-at-120fps/06-RESEARCH.md"
".planning/phases/07.1-positional-only-similarity-redesign-filter-ui-reshape/.gitkeep","untracked","0","archive","docs/archive/planning/2026-05-18/planning/phases/07.1-positional-only-similarity-redesign-filter-ui-reshape/.gitkeep"
".planning/phases/07.1-positional-only-similarity-redesign-filter-ui-reshape/07.1-01-PLAN.md","tracked","9929","archive","docs/archive/planning/2026-05-18/planning/phases/07.1-positional-only-similarity-redesign-filter-ui-reshape/07.1-01-PLAN.md"
".planning/phases/07.1-positional-only-similarity-redesign-filter-ui-reshape/07.1-02-PLAN.md","tracked","9304","archive","docs/archive/planning/2026-05-18/planning/phases/07.1-positional-only-similarity-redesign-filter-ui-reshape/07.1-02-PLAN.md"
".planning/phases/07.1-positional-only-similarity-redesign-filter-ui-reshape/07.1-03-PLAN.md","tracked","8420","archive","docs/archive/planning/2026-05-18/planning/phases/07.1-positional-only-similarity-redesign-filter-ui-reshape/07.1-03-PLAN.md"
".planning/phases/07.1-positional-only-similarity-redesign-filter-ui-reshape/07.1-04-PLAN.md","tracked","11310","archive","docs/archive/planning/2026-05-18/planning/phases/07.1-positional-only-similarity-redesign-filter-ui-reshape/07.1-04-PLAN.md"
".planning/phases/07.1-positional-only-similarity-redesign-filter-ui-reshape/07.1-05-PLAN.md","tracked","15784","archive","docs/archive/planning/2026-05-18/planning/phases/07.1-positional-only-similarity-redesign-filter-ui-reshape/07.1-05-PLAN.md"
".planning/phases/07.1-positional-only-similarity-redesign-filter-ui-reshape/07.1-06-PLAN.md","tracked","10328","archive","docs/archive/planning/2026-05-18/planning/phases/07.1-positional-only-similarity-redesign-filter-ui-reshape/07.1-06-PLAN.md"
".planning/phases/07.1-positional-only-similarity-redesign-filter-ui-reshape/07.1-06-SUMMARY.md","tracked","2174","archive","docs/archive/planning/2026-05-18/planning/phases/07.1-positional-only-similarity-redesign-filter-ui-reshape/07.1-06-SUMMARY.md"
".planning/phases/07.1-positional-only-similarity-redesign-filter-ui-reshape/07.1-CONTEXT.md","untracked","6753","archive","docs/archive/planning/2026-05-18/planning/phases/07.1-positional-only-similarity-redesign-filter-ui-reshape/07.1-CONTEXT.md"
".planning/phases/07.1-positional-only-similarity-redesign-filter-ui-reshape/07.1-RESEARCH.md","tracked","51437","archive","docs/archive/planning/2026-05-18/planning/phases/07.1-positional-only-similarity-redesign-filter-ui-reshape/07.1-RESEARCH.md"
".planning/phases/07.1-positional-only-similarity-redesign-filter-ui-reshape/MOSAIC-PERF-REPORT.md","tracked","10344","archive","docs/archive/planning/2026-05-18/planning/phases/07.1-positional-only-similarity-redesign-filter-ui-reshape/MOSAIC-PERF-REPORT.md"
".planning/phases/07.1-positional-only-similarity-redesign-filter-ui-reshape/UAT.md","tracked","6590","archive","docs/archive/planning/2026-05-18/planning/phases/07.1-positional-only-similarity-redesign-filter-ui-reshape/UAT.md"
".planning/phases/07-user-only-graph-topology-with-folder-access-and-attribute-similarity-edges/.gitkeep","untracked","0","archive","docs/archive/planning/2026-05-18/planning/phases/07-user-only-graph-topology-with-folder-access-and-attribute-similarity-edges/.gitkeep"
".planning/phases/07-user-only-graph-topology-with-folder-access-and-attribute-similarity-edges/07-01-PLAN.md","tracked","5263","archive","docs/archive/planning/2026-05-18/planning/phases/07-user-only-graph-topology-with-folder-access-and-attribute-similarity-edges/07-01-PLAN.md"
".planning/phases/07-user-only-graph-topology-with-folder-access-and-attribute-similarity-edges/07-01-SUMMARY.md","tracked","2613","archive","docs/archive/planning/2026-05-18/planning/phases/07-user-only-graph-topology-with-folder-access-and-attribute-similarity-edges/07-01-SUMMARY.md"
".planning/phases/07-user-only-graph-topology-with-folder-access-and-attribute-similarity-edges/07-02-PLAN.md","tracked","6939","archive","docs/archive/planning/2026-05-18/planning/phases/07-user-only-graph-topology-with-folder-access-and-attribute-similarity-edges/07-02-PLAN.md"
".planning/phases/07-user-only-graph-topology-with-folder-access-and-attribute-similarity-edges/07-02-SUMMARY.md","tracked","4260","archive","docs/archive/planning/2026-05-18/planning/phases/07-user-only-graph-topology-with-folder-access-and-attribute-similarity-edges/07-02-SUMMARY.md"
".planning/phases/07-user-only-graph-topology-with-folder-access-and-attribute-similarity-edges/07-03-PLAN.md","tracked","6666","archive","docs/archive/planning/2026-05-18/planning/phases/07-user-only-graph-topology-with-folder-access-and-attribute-similarity-edges/07-03-PLAN.md"
".planning/phases/07-user-only-graph-topology-with-folder-access-and-attribute-similarity-edges/07-03-SUMMARY.md","tracked","5415","archive","docs/archive/planning/2026-05-18/planning/phases/07-user-only-graph-topology-with-folder-access-and-attribute-similarity-edges/07-03-SUMMARY.md"
".planning/phases/07-user-only-graph-topology-with-folder-access-and-attribute-similarity-edges/07-04-PLAN.md","tracked","6696","archive","docs/archive/planning/2026-05-18/planning/phases/07-user-only-graph-topology-with-folder-access-and-attribute-similarity-edges/07-04-PLAN.md"
".planning/phases/07-user-only-graph-topology-with-folder-access-and-attribute-similarity-edges/07-04-SUMMARY.md","tracked","6132","archive","docs/archive/planning/2026-05-18/planning/phases/07-user-only-graph-topology-with-folder-access-and-attribute-similarity-edges/07-04-SUMMARY.md"
".planning/phases/07-user-only-graph-topology-with-folder-access-and-attribute-similarity-edges/07-05-PLAN.md","tracked","10342","archive","docs/archive/planning/2026-05-18/planning/phases/07-user-only-graph-topology-with-folder-access-and-attribute-similarity-edges/07-05-PLAN.md"
".planning/phases/07-user-only-graph-topology-with-folder-access-and-attribute-similarity-edges/07-05-SUMMARY.md","tracked","8002","archive","docs/archive/planning/2026-05-18/planning/phases/07-user-only-graph-topology-with-folder-access-and-attribute-similarity-edges/07-05-SUMMARY.md"
".planning/phases/07-user-only-graph-topology-with-folder-access-and-attribute-similarity-edges/07-06-PLAN.md","tracked","10704","archive","docs/archive/planning/2026-05-18/planning/phases/07-user-only-graph-topology-with-folder-access-and-attribute-similarity-edges/07-06-PLAN.md"
".planning/phases/07-user-only-graph-topology-with-folder-access-and-attribute-similarity-edges/07-06-SUMMARY.md","tracked","7408","archive","docs/archive/planning/2026-05-18/planning/phases/07-user-only-graph-topology-with-folder-access-and-attribute-similarity-edges/07-06-SUMMARY.md"
".planning/phases/07-user-only-graph-topology-with-folder-access-and-attribute-similarity-edges/07-07-PLAN.md","tracked","9063","archive","docs/archive/planning/2026-05-18/planning/phases/07-user-only-graph-topology-with-folder-access-and-attribute-similarity-edges/07-07-PLAN.md"
".planning/phases/07-user-only-graph-topology-with-folder-access-and-attribute-similarity-edges/07-07-SUMMARY.md","tracked","4636","archive","docs/archive/planning/2026-05-18/planning/phases/07-user-only-graph-topology-with-folder-access-and-attribute-similarity-edges/07-07-SUMMARY.md"
".planning/phases/07-user-only-graph-topology-with-folder-access-and-attribute-similarity-edges/07-08-PLAN.md","tracked","6801","archive","docs/archive/planning/2026-05-18/planning/phases/07-user-only-graph-topology-with-folder-access-and-attribute-similarity-edges/07-08-PLAN.md"
".planning/phases/07-user-only-graph-topology-with-folder-access-and-attribute-similarity-edges/07-08-SUMMARY.md","tracked","5536","archive","docs/archive/planning/2026-05-18/planning/phases/07-user-only-graph-topology-with-folder-access-and-attribute-similarity-edges/07-08-SUMMARY.md"
".planning/phases/07-user-only-graph-topology-with-folder-access-and-attribute-similarity-edges/07-09-PLAN.md","tracked","6779","archive","docs/archive/planning/2026-05-18/planning/phases/07-user-only-graph-topology-with-folder-access-and-attribute-similarity-edges/07-09-PLAN.md"
".planning/phases/07-user-only-graph-topology-with-folder-access-and-attribute-similarity-edges/07-09-SUMMARY.md","tracked","8478","archive","docs/archive/planning/2026-05-18/planning/phases/07-user-only-graph-topology-with-folder-access-and-attribute-similarity-edges/07-09-SUMMARY.md"
".planning/phases/07-user-only-graph-topology-with-folder-access-and-attribute-similarity-edges/07-CONTEXT.md","tracked","6799","archive","docs/archive/planning/2026-05-18/planning/phases/07-user-only-graph-topology-with-folder-access-and-attribute-similarity-edges/07-CONTEXT.md"
".planning/phases/07-user-only-graph-topology-with-folder-access-and-attribute-similarity-edges/07-RESEARCH.md","untracked","39085","archive","docs/archive/planning/2026-05-18/planning/phases/07-user-only-graph-topology-with-folder-access-and-attribute-similarity-edges/07-RESEARCH.md"
".planning/phases/07-user-only-graph-topology-with-folder-access-and-attribute-similarity-edges/07-VERIFICATION.md","tracked","21394","archive","docs/archive/planning/2026-05-18/planning/phases/07-user-only-graph-topology-with-folder-access-and-attribute-similarity-edges/07-VERIFICATION.md"
".planning/phases/07-user-only-graph-topology-with-folder-access-and-attribute-similarity-edges/PERF-REPORT.md","tracked","7572","archive","docs/archive/planning/2026-05-18/planning/phases/07-user-only-graph-topology-with-folder-access-and-attribute-similarity-edges/PERF-REPORT.md"
".planning/phases/07-user-only-graph-topology-with-folder-access-and-attribute-similarity-edges/PHASE-DEPS.md","tracked","1688","archive","docs/archive/planning/2026-05-18/planning/phases/07-user-only-graph-topology-with-folder-access-and-attribute-similarity-edges/PHASE-DEPS.md"
".planning/phases/08-dc-per-module-ingest-permission-csvs/.gitkeep","untracked","0","archive","docs/archive/planning/2026-05-18/planning/phases/08-dc-per-module-ingest-permission-csvs/.gitkeep"
".planning/phases/08-dc-per-module-ingest-permission-csvs/08-01-PLAN.md","tracked","11057","archive","docs/archive/planning/2026-05-18/planning/phases/08-dc-per-module-ingest-permission-csvs/08-01-PLAN.md"
".planning/phases/08-dc-per-module-ingest-permission-csvs/08-01-SUMMARY.md","tracked","9011","archive","docs/archive/planning/2026-05-18/planning/phases/08-dc-per-module-ingest-permission-csvs/08-01-SUMMARY.md"
".planning/phases/08-dc-per-module-ingest-permission-csvs/08-02-PLAN.md","tracked","7981","archive","docs/archive/planning/2026-05-18/planning/phases/08-dc-per-module-ingest-permission-csvs/08-02-PLAN.md"
".planning/phases/08-dc-per-module-ingest-permission-csvs/08-02-SUMMARY.md","tracked","6182","archive","docs/archive/planning/2026-05-18/planning/phases/08-dc-per-module-ingest-permission-csvs/08-02-SUMMARY.md"
".planning/phases/08-dc-per-module-ingest-permission-csvs/08-03-PLAN.md","tracked","9548","archive","docs/archive/planning/2026-05-18/planning/phases/08-dc-per-module-ingest-permission-csvs/08-03-PLAN.md"
".planning/phases/08-dc-per-module-ingest-permission-csvs/08-03-SUMMARY.md","tracked","7500","archive","docs/archive/planning/2026-05-18/planning/phases/08-dc-per-module-ingest-permission-csvs/08-03-SUMMARY.md"
".planning/phases/08-dc-per-module-ingest-permission-csvs/08-04-PLAN.md","tracked","9711","archive","docs/archive/planning/2026-05-18/planning/phases/08-dc-per-module-ingest-permission-csvs/08-04-PLAN.md"
".planning/phases/08-dc-per-module-ingest-permission-csvs/08-04-SUMMARY.md","tracked","7113","archive","docs/archive/planning/2026-05-18/planning/phases/08-dc-per-module-ingest-permission-csvs/08-04-SUMMARY.md"
".planning/phases/08-dc-per-module-ingest-permission-csvs/08-05-PLAN.md","tracked","11603","archive","docs/archive/planning/2026-05-18/planning/phases/08-dc-per-module-ingest-permission-csvs/08-05-PLAN.md"
".planning/phases/08-dc-per-module-ingest-permission-csvs/08-05-SUMMARY.md","tracked","8831","archive","docs/archive/planning/2026-05-18/planning/phases/08-dc-per-module-ingest-permission-csvs/08-05-SUMMARY.md"
".planning/phases/08-dc-per-module-ingest-permission-csvs/08-06-PLAN.md","tracked","16040","archive","docs/archive/planning/2026-05-18/planning/phases/08-dc-per-module-ingest-permission-csvs/08-06-PLAN.md"
".planning/phases/08-dc-per-module-ingest-permission-csvs/08-06-SUMMARY.md","tracked","11197","archive","docs/archive/planning/2026-05-18/planning/phases/08-dc-per-module-ingest-permission-csvs/08-06-SUMMARY.md"
".planning/phases/08-dc-per-module-ingest-permission-csvs/08-07-PLAN.md","tracked","15846","archive","docs/archive/planning/2026-05-18/planning/phases/08-dc-per-module-ingest-permission-csvs/08-07-PLAN.md"
".planning/phases/08-dc-per-module-ingest-permission-csvs/08-07-SUMMARY.md","tracked","13627","archive","docs/archive/planning/2026-05-18/planning/phases/08-dc-per-module-ingest-permission-csvs/08-07-SUMMARY.md"
".planning/phases/08-dc-per-module-ingest-permission-csvs/08-08-PLAN.md","tracked","14152","archive","docs/archive/planning/2026-05-18/planning/phases/08-dc-per-module-ingest-permission-csvs/08-08-PLAN.md"
".planning/phases/08-dc-per-module-ingest-permission-csvs/08-08-SUMMARY.md","tracked","8367","archive","docs/archive/planning/2026-05-18/planning/phases/08-dc-per-module-ingest-permission-csvs/08-08-SUMMARY.md"
".planning/phases/08-dc-per-module-ingest-permission-csvs/08-09-PLAN.md","tracked","22619","archive","docs/archive/planning/2026-05-18/planning/phases/08-dc-per-module-ingest-permission-csvs/08-09-PLAN.md"
".planning/phases/08-dc-per-module-ingest-permission-csvs/08-09-SUMMARY.md","tracked","7365","archive","docs/archive/planning/2026-05-18/planning/phases/08-dc-per-module-ingest-permission-csvs/08-09-SUMMARY.md"
".planning/phases/08-dc-per-module-ingest-permission-csvs/08-CONTEXT.md","tracked","14859","archive","docs/archive/planning/2026-05-18/planning/phases/08-dc-per-module-ingest-permission-csvs/08-CONTEXT.md"
".planning/phases/08-dc-per-module-ingest-permission-csvs/08-RESEARCH.md","untracked","45565","archive","docs/archive/planning/2026-05-18/planning/phases/08-dc-per-module-ingest-permission-csvs/08-RESEARCH.md"
".planning/phases/08-dc-per-module-ingest-permission-csvs/08-VERIFICATION.md","tracked","19775","archive","docs/archive/planning/2026-05-18/planning/phases/08-dc-per-module-ingest-permission-csvs/08-VERIFICATION.md"
".planning/phases/08-dc-per-module-ingest-permission-csvs/RUNBOOK.md","tracked","11171","archive","docs/archive/planning/2026-05-18/planning/phases/08-dc-per-module-ingest-permission-csvs/RUNBOOK.md"
".planning/phases/08-dc-per-module-ingest-permission-csvs/UAT.md","tracked","4300","archive","docs/archive/planning/2026-05-18/planning/phases/08-dc-per-module-ingest-permission-csvs/UAT.md"
".planning/quick/1-implement-label-readability-polish-per-0/1-PLAN.md","tracked","11215","archive","docs/archive/planning/2026-05-18/planning/quick/1-implement-label-readability-polish-per-0/1-PLAN.md"
".planning/quick/1-implement-label-readability-polish-per-0/1-SUMMARY.md","tracked","5251","archive","docs/archive/planning/2026-05-18/planning/quick/1-implement-label-readability-polish-per-0/1-SUMMARY.md"
".planning/research/ARCHITECTURE.md","tracked","45440","archive","docs/archive/planning/2026-05-18/planning/research/ARCHITECTURE.md"
".planning/research/FEATURES.md","tracked","27448","archive","docs/archive/planning/2026-05-18/planning/research/FEATURES.md"
".planning/research/PITFALLS.md","tracked","43560","archive","docs/archive/planning/2026-05-18/planning/research/PITFALLS.md"
".planning/research/STACK.md","tracked","25616","archive","docs/archive/planning/2026-05-18/planning/research/STACK.md"
".planning/research/SUMMARY.md","tracked","22412","archive","docs/archive/planning/2026-05-18/planning/research/SUMMARY.md"
".planning/research/v1.0/ARCHITECTURE.md","tracked","28469","archive","docs/archive/planning/2026-05-18/planning/research/v1.0/ARCHITECTURE.md"
".planning/research/v1.0/FEATURES.md","tracked","17861","archive","docs/archive/planning/2026-05-18/planning/research/v1.0/FEATURES.md"
".planning/research/v1.0/PITFALLS.md","tracked","24313","archive","docs/archive/planning/2026-05-18/planning/research/v1.0/PITFALLS.md"
".planning/research/v1.0/STACK.md","tracked","10723","archive","docs/archive/planning/2026-05-18/planning/research/v1.0/STACK.md"
".planning/research/v1.0/SUMMARY.md","tracked","5440","archive","docs/archive/planning/2026-05-18/planning/research/v1.0/SUMMARY.md"
".next/build-manifest.json","ignored-untracked","511","delete","<deleted>"
".next/cache/.previewinfo","ignored-untracked","262","delete","<deleted>"
".next/cache/.rscinfo","ignored-untracked","102","delete","<deleted>"
".next/cache/.tsbuildinfo","ignored-untracked","1026479","delete","<deleted>"
".next/cache/webpack/client-production/10.pack_","ignored-untracked","15298229","delete","<deleted>"
".next/cache/webpack/client-production/20.pack","ignored-untracked","3841607","delete","<deleted>"
".next/cache/webpack/client-production/21.pack","ignored-untracked","3917524","delete","<deleted>"
".next/cache/webpack/client-production/22.pack","ignored-untracked","6575316","delete","<deleted>"
".next/cache/webpack/client-production/23.pack","ignored-untracked","4390754","delete","<deleted>"
".next/cache/webpack/client-production/24.pack","ignored-untracked","19565477","delete","<deleted>"
".next/cache/webpack/client-production/25.pack","ignored-untracked","21459546","delete","<deleted>"
".next/cache/webpack/client-production/26.pack","ignored-untracked","57378658","delete","<deleted>"
".next/cache/webpack/client-production/27.pack","ignored-untracked","4013780","delete","<deleted>"
".next/cache/webpack/client-production/28.pack","ignored-untracked","55045477","delete","<deleted>"
".next/cache/webpack/client-production/29.pack","ignored-untracked","21071729","delete","<deleted>"
".next/cache/webpack/client-production/3.pack","ignored-untracked","47044957","delete","<deleted>"
".next/cache/webpack/client-production/3.pack_","ignored-untracked","20178305","delete","<deleted>"
".next/cache/webpack/client-production/30.pack","ignored-untracked","2884195","delete","<deleted>"
".next/cache/webpack/client-production/31.pack","ignored-untracked","1145838","delete","<deleted>"
".next/cache/webpack/client-production/32.pack","ignored-untracked","6575418","delete","<deleted>"
".next/cache/webpack/client-production/33.pack","ignored-untracked","58815643","delete","<deleted>"
".next/cache/webpack/client-production/34.pack","ignored-untracked","12568120","delete","<deleted>"
".next/cache/webpack/client-production/35.pack","ignored-untracked","1400629","delete","<deleted>"
".next/cache/webpack/client-production/36.pack","ignored-untracked","2508","delete","<deleted>"
".next/cache/webpack/client-production/37.pack","ignored-untracked","10333501","delete","<deleted>"
".next/cache/webpack/client-production/38.pack","ignored-untracked","12838289","delete","<deleted>"
".next/cache/webpack/client-production/39.pack","ignored-untracked","267613","delete","<deleted>"
".next/cache/webpack/client-production/4.pack","ignored-untracked","949552","delete","<deleted>"
".next/cache/webpack/client-production/40.pack","ignored-untracked","25033869","delete","<deleted>"
".next/cache/webpack/client-production/5.pack","ignored-untracked","29610342","delete","<deleted>"
".next/cache/webpack/client-production/5.pack_","ignored-untracked","29582950","delete","<deleted>"
".next/cache/webpack/client-production/6.pack","ignored-untracked","243249","delete","<deleted>"
".next/cache/webpack/client-production/7.pack","ignored-untracked","200247489","delete","<deleted>"
".next/cache/webpack/client-production/7.pack_","ignored-untracked","174460763","delete","<deleted>"
".next/cache/webpack/client-production/8.pack","ignored-untracked","20725287","delete","<deleted>"
".next/cache/webpack/client-production/9.pack","ignored-untracked","5203627","delete","<deleted>"
".next/cache/webpack/client-production/9.pack_","ignored-untracked","253360149","delete","<deleted>"
".next/cache/webpack/client-production/index.pack","ignored-untracked","124096209","delete","<deleted>"
".next/cache/webpack/client-production/index.pack.old","ignored-untracked","29214604","delete","<deleted>"
".next/cache/webpack/edge-server-production/0.pack","ignored-untracked","276","delete","<deleted>"
".next/cache/webpack/edge-server-production/index.pack","ignored-untracked","2864","delete","<deleted>"
".next/cache/webpack/edge-server-production/index.pack.old","ignored-untracked","2864","delete","<deleted>"
".next/cache/webpack/server-production/0.pack","ignored-untracked","203581067","delete","<deleted>"
".next/cache/webpack/server-production/1.pack","ignored-untracked","13644550","delete","<deleted>"
".next/cache/webpack/server-production/10.pack","ignored-untracked","21803531","delete","<deleted>"
".next/cache/webpack/server-production/11.pack","ignored-untracked","153077","delete","<deleted>"
".next/cache/webpack/server-production/12.pack","ignored-untracked","36935341","delete","<deleted>"
".next/cache/webpack/server-production/13.pack","ignored-untracked","31095","delete","<deleted>"
".next/cache/webpack/server-production/14.pack","ignored-untracked","8219625","delete","<deleted>"
".next/cache/webpack/server-production/15.pack","ignored-untracked","4178528","delete","<deleted>"
".next/cache/webpack/server-production/16.pack","ignored-untracked","455985","delete","<deleted>"
".next/cache/webpack/server-production/17.pack","ignored-untracked","35769655","delete","<deleted>"
".next/cache/webpack/server-production/18.pack","ignored-untracked","3349549","delete","<deleted>"
".next/cache/webpack/server-production/19.pack","ignored-untracked","3237743","delete","<deleted>"
".next/cache/webpack/server-production/2.pack","ignored-untracked","35339","delete","<deleted>"
".next/cache/webpack/server-production/20.pack","ignored-untracked","30054320","delete","<deleted>"
".next/cache/webpack/server-production/21.pack","ignored-untracked","8630304","delete","<deleted>"
".next/cache/webpack/server-production/22.pack","ignored-untracked","2467743","delete","<deleted>"
".next/cache/webpack/server-production/23.pack","ignored-untracked","12066","delete","<deleted>"
".next/cache/webpack/server-production/24.pack","ignored-untracked","3479050","delete","<deleted>"
".next/cache/webpack/server-production/25.pack","ignored-untracked","34834291","delete","<deleted>"
".next/cache/webpack/server-production/26.pack","ignored-untracked","2079045","delete","<deleted>"
".next/cache/webpack/server-production/27.pack","ignored-untracked","10171","delete","<deleted>"
".next/cache/webpack/server-production/28.pack","ignored-untracked","7702916","delete","<deleted>"
".next/cache/webpack/server-production/29.pack","ignored-untracked","17161","delete","<deleted>"
".next/cache/webpack/server-production/3.pack","ignored-untracked","1825332","delete","<deleted>"
".next/cache/webpack/server-production/30.pack","ignored-untracked","32366212","delete","<deleted>"
".next/cache/webpack/server-production/31.pack","ignored-untracked","37325","delete","<deleted>"
".next/cache/webpack/server-production/32.pack","ignored-untracked","12512222","delete","<deleted>"
".next/cache/webpack/server-production/33.pack","ignored-untracked","4897892","delete","<deleted>"
".next/cache/webpack/server-production/34.pack","ignored-untracked","5936836","delete","<deleted>"
".next/cache/webpack/server-production/35.pack","ignored-untracked","18531206","delete","<deleted>"
".next/cache/webpack/server-production/36.pack","ignored-untracked","12438820","delete","<deleted>"
".next/cache/webpack/server-production/37.pack","ignored-untracked","196811","delete","<deleted>"
".next/cache/webpack/server-production/38.pack","ignored-untracked","41809034","delete","<deleted>"
".next/cache/webpack/server-production/39.pack","ignored-untracked","6493448","delete","<deleted>"
".next/cache/webpack/server-production/4.pack","ignored-untracked","10607646","delete","<deleted>"
".next/cache/webpack/server-production/40.pack","ignored-untracked","3814872","delete","<deleted>"
".next/cache/webpack/server-production/41.pack","ignored-untracked","66826981","delete","<deleted>"
".next/cache/webpack/server-production/42.pack","ignored-untracked","1386659","delete","<deleted>"
".next/cache/webpack/server-production/43.pack","ignored-untracked","7262745","delete","<deleted>"
".next/cache/webpack/server-production/44.pack","ignored-untracked","10257064","delete","<deleted>"
".next/cache/webpack/server-production/45.pack","ignored-untracked","2921270","delete","<deleted>"
".next/cache/webpack/server-production/46.pack","ignored-untracked","29599784","delete","<deleted>"
".next/cache/webpack/server-production/47.pack","ignored-untracked","3878399","delete","<deleted>"
".next/cache/webpack/server-production/5.pack","ignored-untracked","72523","delete","<deleted>"
".next/cache/webpack/server-production/6.pack","ignored-untracked","78215273","delete","<deleted>"
".next/cache/webpack/server-production/7.pack","ignored-untracked","59286641","delete","<deleted>"
".next/cache/webpack/server-production/8.pack","ignored-untracked","63642366","delete","<deleted>"
".next/cache/webpack/server-production/9.pack","ignored-untracked","97201378","delete","<deleted>"
".next/cache/webpack/server-production/index.pack","ignored-untracked","131184752","delete","<deleted>"
".next/cache/webpack/server-production/index.pack.old","ignored-untracked","125010598","delete","<deleted>"
".next/dev/build-manifest.json","ignored-untracked","617","delete","<deleted>"
".next/dev/cache/.rscinfo","ignored-untracked","102","delete","<deleted>"
".next/dev/cache/next-devtools-config.json","ignored-untracked","2","delete","<deleted>"
".next/dev/cache/webpack/client-development/0.pack.gz","ignored-untracked","9465","delete","<deleted>"
".next/dev/cache/webpack/client-development/1.pack.gz","ignored-untracked","36403","delete","<deleted>"
".next/dev/cache/webpack/client-development/10.pack.gz","ignored-untracked","8024417","delete","<deleted>"
".next/dev/cache/webpack/client-development/11.pack.gz","ignored-untracked","256016","delete","<deleted>"
".next/dev/cache/webpack/client-development/12.pack.gz","ignored-untracked","6345864","delete","<deleted>"
".next/dev/cache/webpack/client-development/13.pack.gz","ignored-untracked","6358489","delete","<deleted>"
".next/dev/cache/webpack/client-development/14.pack.gz","ignored-untracked","1275709","delete","<deleted>"
".next/dev/cache/webpack/client-development/15.pack.gz","ignored-untracked","18252736","delete","<deleted>"
".next/dev/cache/webpack/client-development/16.pack.gz","ignored-untracked","3122714","delete","<deleted>"
".next/dev/cache/webpack/client-development/17.pack.gz","ignored-untracked","250541","delete","<deleted>"
".next/dev/cache/webpack/client-development/18.pack.gz","ignored-untracked","20995498","delete","<deleted>"
".next/dev/cache/webpack/client-development/19.pack.gz","ignored-untracked","635283","delete","<deleted>"
".next/dev/cache/webpack/client-development/2.pack.gz","ignored-untracked","4337","delete","<deleted>"
".next/dev/cache/webpack/client-development/20.pack.gz","ignored-untracked","816781","delete","<deleted>"
".next/dev/cache/webpack/client-development/21.pack.gz","ignored-untracked","138719","delete","<deleted>"
".next/dev/cache/webpack/client-development/22.pack.gz","ignored-untracked","104986","delete","<deleted>"
".next/dev/cache/webpack/client-development/23.pack.gz","ignored-untracked","6743662","delete","<deleted>"
".next/dev/cache/webpack/client-development/24.pack.gz","ignored-untracked","687993","delete","<deleted>"
".next/dev/cache/webpack/client-development/25.pack.gz","ignored-untracked","14680","delete","<deleted>"
".next/dev/cache/webpack/client-development/3.pack.gz","ignored-untracked","23331464","delete","<deleted>"
".next/dev/cache/webpack/client-development/4.pack.gz","ignored-untracked","8418683","delete","<deleted>"
".next/dev/cache/webpack/client-development/5.pack.gz","ignored-untracked","44465084","delete","<deleted>"
".next/dev/cache/webpack/client-development/6.pack.gz","ignored-untracked","10298778","delete","<deleted>"
".next/dev/cache/webpack/client-development/7.pack.gz","ignored-untracked","5479889","delete","<deleted>"
".next/dev/cache/webpack/client-development/8.pack.gz","ignored-untracked","215683","delete","<deleted>"
".next/dev/cache/webpack/client-development/9.pack.gz","ignored-untracked","2001317","delete","<deleted>"
".next/dev/cache/webpack/client-development/index.pack.gz","ignored-untracked","913436","delete","<deleted>"
".next/dev/cache/webpack/client-development/index.pack.gz.old","ignored-untracked","913429","delete","<deleted>"
".next/dev/cache/webpack/client-development-fallback/0.pack.gz","ignored-untracked","6725","delete","<deleted>"
".next/dev/cache/webpack/client-development-fallback/index.pack.gz.old","ignored-untracked","2662","delete","<deleted>"
".next/dev/cache/webpack/server-development/0.pack.gz","ignored-untracked","318209","delete","<deleted>"
".next/dev/cache/webpack/server-development/1.pack.gz","ignored-untracked","114043","delete","<deleted>"
".next/dev/cache/webpack/server-development/10.pack.gz","ignored-untracked","875371","delete","<deleted>"
".next/dev/cache/webpack/server-development/11.pack.gz","ignored-untracked","873836","delete","<deleted>"
".next/dev/cache/webpack/server-development/12.pack.gz","ignored-untracked","2594755","delete","<deleted>"
".next/dev/cache/webpack/server-development/13.pack.gz","ignored-untracked","286452","delete","<deleted>"
".next/dev/cache/webpack/server-development/14.pack.gz","ignored-untracked","7038890","delete","<deleted>"
".next/dev/cache/webpack/server-development/15.pack.gz","ignored-untracked","1955845","delete","<deleted>"
".next/dev/cache/webpack/server-development/16.pack.gz","ignored-untracked","33409343","delete","<deleted>"
".next/dev/cache/webpack/server-development/17.pack.gz","ignored-untracked","10193472","delete","<deleted>"
".next/dev/cache/webpack/server-development/18.pack.gz","ignored-untracked","14825","delete","<deleted>"
".next/dev/cache/webpack/server-development/19.pack.gz","ignored-untracked","7720103","delete","<deleted>"
".next/dev/cache/webpack/server-development/2.pack.gz","ignored-untracked","524674","delete","<deleted>"
".next/dev/cache/webpack/server-development/20.pack.gz","ignored-untracked","327127","delete","<deleted>"
".next/dev/cache/webpack/server-development/21.pack.gz","ignored-untracked","786010","delete","<deleted>"
".next/dev/cache/webpack/server-development/22.pack.gz","ignored-untracked","348210","delete","<deleted>"
".next/dev/cache/webpack/server-development/23.pack.gz","ignored-untracked","99973","delete","<deleted>"
".next/dev/cache/webpack/server-development/24.pack.gz","ignored-untracked","2057832","delete","<deleted>"
".next/dev/cache/webpack/server-development/25.pack.gz","ignored-untracked","3661842","delete","<deleted>"
".next/dev/cache/webpack/server-development/26.pack.gz","ignored-untracked","2042460","delete","<deleted>"
".next/dev/cache/webpack/server-development/27.pack.gz","ignored-untracked","3141585","delete","<deleted>"
".next/dev/cache/webpack/server-development/28.pack.gz_","ignored-untracked","5132491","delete","<deleted>"
".next/dev/cache/webpack/server-development/3.pack.gz","ignored-untracked","12176","delete","<deleted>"
".next/dev/cache/webpack/server-development/4.pack.gz","ignored-untracked","5581","delete","<deleted>"
".next/dev/cache/webpack/server-development/5.pack.gz","ignored-untracked","32889884","delete","<deleted>"
".next/dev/cache/webpack/server-development/6.pack.gz","ignored-untracked","692935","delete","<deleted>"
".next/dev/cache/webpack/server-development/7.pack.gz","ignored-untracked","4870","delete","<deleted>"
".next/dev/cache/webpack/server-development/8.pack.gz","ignored-untracked","5531","delete","<deleted>"
".next/dev/cache/webpack/server-development/9.pack.gz","ignored-untracked","632902","delete","<deleted>"
".next/dev/cache/webpack/server-development/index.pack.gz","ignored-untracked","1603936","delete","<deleted>"
".next/dev/cache/webpack/server-development/index.pack.gz.old","ignored-untracked","1604037","delete","<deleted>"
".next/dev/logs/next-development.log","ignored-untracked","401309","delete","<deleted>"
".next/dev/package.json","ignored-untracked","20","delete","<deleted>"
".next/dev/prerender-manifest.json","ignored-untracked","354","delete","<deleted>"
".next/dev/react-loadable-manifest.json","ignored-untracked","5731","delete","<deleted>"
".next/dev/routes-manifest.json","ignored-untracked","308","delete","<deleted>"
".next/dev/server/_error.js","ignored-untracked","16323","delete","<deleted>"
".next/dev/server/_rsc_lib_google_forms_ts.js","ignored-untracked","17729","delete","<deleted>"
".next/dev/server/_rsc_lib_server_integrations_aps_ts.js","ignored-untracked","25790","delete","<deleted>"
".next/dev/server/_ssr_app_dashboard_users_accGraphOrganicLayout_worker_ts.js","ignored-untracked","70030","delete","<deleted>"
".next/dev/server/app/(auth)/login/page.js","ignored-untracked","500868","delete","<deleted>"
".next/dev/server/app/(auth)/login/page_client-reference-manifest.js","ignored-untracked","31377","delete","<deleted>"
".next/dev/server/app/(dashboard)/home/page.js","ignored-untracked","2678351","delete","<deleted>"
".next/dev/server/app/(dashboard)/home/page_client-reference-manifest.js","ignored-untracked","31529","delete","<deleted>"
".next/dev/server/app/(dashboard)/users/page.js","ignored-untracked","3267999","delete","<deleted>"
".next/dev/server/app/(dashboard)/users/page_client-reference-manifest.js","ignored-untracked","31530","delete","<deleted>"
".next/dev/server/app/api/auth/[...nextauth]/route.js","ignored-untracked","224743","delete","<deleted>"
".next/dev/server/app/api/auth/[...nextauth]/route_client-reference-manifest.js","ignored-untracked","352","delete","<deleted>"
".next/dev/server/app/api/chat/stream/route.js","ignored-untracked","407552","delete","<deleted>"
".next/dev/server/app/api/chat/stream/route_client-reference-manifest.js","ignored-untracked","338","delete","<deleted>"
".next/dev/server/app/api/events/trello/route.js","ignored-untracked","74430","delete","<deleted>"
".next/dev/server/app/api/events/trello/route_client-reference-manifest.js","ignored-untracked","342","delete","<deleted>"
".next/dev/server/app/api/events/users/route.js","ignored-untracked","74226","delete","<deleted>"
".next/dev/server/app/api/events/users/route_client-reference-manifest.js","ignored-untracked","340","delete","<deleted>"
".next/dev/server/app/api/trpc/[trpc]/route.js","ignored-untracked","1768040","delete","<deleted>"
".next/dev/server/app/api/trpc/[trpc]/route_client-reference-manifest.js","ignored-untracked","338","delete","<deleted>"
".next/dev/server/app/page.js","ignored-untracked","328898","delete","<deleted>"
".next/dev/server/app/page_client-reference-manifest.js","ignored-untracked","31249","delete","<deleted>"
".next/dev/server/app-paths-manifest.json","ignored-untracked","358","delete","<deleted>"
".next/dev/server/interception-route-rewrite-manifest.js","ignored-untracked","47","delete","<deleted>"
".next/dev/server/middleware.js","ignored-untracked","54534","delete","<deleted>"
".next/dev/server/middleware-build-manifest.js","ignored-untracked","649","delete","<deleted>"
".next/dev/server/middleware-manifest.json","ignored-untracked","83","delete","<deleted>"
".next/dev/server/middleware-react-loadable-manifest.js","ignored-untracked","5625","delete","<deleted>"
".next/dev/server/next-font-manifest.js","ignored-untracked","113","delete","<deleted>"
".next/dev/server/next-font-manifest.json","ignored-untracked","77","delete","<deleted>"
".next/dev/server/pages/_app.js","ignored-untracked","1513","delete","<deleted>"
".next/dev/server/pages/_document.js","ignored-untracked","2099","delete","<deleted>"
".next/dev/server/pages/_error.js","ignored-untracked","16034","delete","<deleted>"
".next/dev/server/pages-manifest.json","ignored-untracked","100","delete","<deleted>"
".next/dev/server/server-reference-manifest.js","ignored-untracked","140","delete","<deleted>"
".next/dev/server/server-reference-manifest.json","ignored-untracked","97","delete","<deleted>"
".next/dev/server/vendor-chunks/@aps_sdk.js","ignored-untracked","1775480","delete","<deleted>"
".next/dev/server/vendor-chunks/@auth.js","ignored-untracked","2160172","delete","<deleted>"
".next/dev/server/vendor-chunks/@cosmos.gl.js","ignored-untracked","937494","delete","<deleted>"
".next/dev/server/vendor-chunks/@duckdb.js","ignored-untracked","89920","delete","<deleted>"
".next/dev/server/vendor-chunks/@effect.js","ignored-untracked","1016291","delete","<deleted>"
".next/dev/server/vendor-chunks/@floating-ui.js","ignored-untracked","249307","delete","<deleted>"
".next/dev/server/vendor-chunks/@luma.gl.js","ignored-untracked","2389607","delete","<deleted>"
".next/dev/server/vendor-chunks/@math.gl.js","ignored-untracked","4388","delete","<deleted>"
".next/dev/server/vendor-chunks/@nivo.js","ignored-untracked","773534","delete","<deleted>"
".next/dev/server/vendor-chunks/@observablehq.js","ignored-untracked","1650832","delete","<deleted>"
".next/dev/server/vendor-chunks/@prisma.js","ignored-untracked","108226","delete","<deleted>"
".next/dev/server/vendor-chunks/@radix-ui.js","ignored-untracked","969340","delete","<deleted>"
".next/dev/server/vendor-chunks/@react-spring.js","ignored-untracked","374834","delete","<deleted>"
".next/dev/server/vendor-chunks/@swc.js","ignored-untracked","21283","delete","<deleted>"
".next/dev/server/vendor-chunks/@tanstack.js","ignored-untracked","815919","delete","<deleted>"
".next/dev/server/vendor-chunks/@trpc.js","ignored-untracked","1596658","delete","<deleted>"
".next/dev/server/vendor-chunks/@uploadthing.js","ignored-untracked","383036","delete","<deleted>"
".next/dev/server/vendor-chunks/@upstash.js","ignored-untracked","451264","delete","<deleted>"
".next/dev/server/vendor-chunks/@uwdata.js","ignored-untracked","1807242","delete","<deleted>"
".next/dev/server/vendor-chunks/apache-arrow.js","ignored-untracked","1788121","delete","<deleted>"
".next/dev/server/vendor-chunks/asynckit.js","ignored-untracked","32474","delete","<deleted>"
".next/dev/server/vendor-chunks/axios.js","ignored-untracked","1280123","delete","<deleted>"
".next/dev/server/vendor-chunks/bcryptjs.js","ignored-untracked","111864","delete","<deleted>"
".next/dev/server/vendor-chunks/binary-search-bounds.js","ignored-untracked","6601","delete","<deleted>"
".next/dev/server/vendor-chunks/call-bind-apply-helpers.js","ignored-untracked","8739","delete","<deleted>"
".next/dev/server/vendor-chunks/class-variance-authority.js","ignored-untracked","9784","delete","<deleted>"
".next/dev/server/vendor-chunks/clsx.js","ignored-untracked","2820","delete","<deleted>"
".next/dev/server/vendor-chunks/combined-stream.js","ignored-untracked","14434","delete","<deleted>"
".next/dev/server/vendor-chunks/copy-anything.js","ignored-untracked","14489","delete","<deleted>"
".next/dev/server/vendor-chunks/d3.js","ignored-untracked","77215","delete","<deleted>"
".next/dev/server/vendor-chunks/d3-array.js","ignored-untracked","22272","delete","<deleted>"
".next/dev/server/vendor-chunks/d3-axis.js","ignored-untracked","19372","delete","<deleted>"
".next/dev/server/vendor-chunks/d3-brush.js","ignored-untracked","60451","delete","<deleted>"
".next/dev/server/vendor-chunks/d3-chord.js","ignored-untracked","33899","delete","<deleted>"
".next/dev/server/vendor-chunks/d3-color.js","ignored-untracked","42805","delete","<deleted>"
".next/dev/server/vendor-chunks/d3-contour.js","ignored-untracked","47466","delete","<deleted>"
".next/dev/server/vendor-chunks/d3-delaunay.js","ignored-untracked","65893","delete","<deleted>"
".next/dev/server/vendor-chunks/d3-dispatch.js","ignored-untracked","9125","delete","<deleted>"
".next/dev/server/vendor-chunks/d3-drag.js","ignored-untracked","30448","delete","<deleted>"
".next/dev/server/vendor-chunks/d3-dsv.js","ignored-untracked","26609","delete","<deleted>"
".next/dev/server/vendor-chunks/d3-ease.js","ignored-untracked","11982","delete","<deleted>"
".next/dev/server/vendor-chunks/d3-fetch.js","ignored-untracked","19013","delete","<deleted>"
".next/dev/server/vendor-chunks/d3-force.js","ignored-untracked","55676","delete","<deleted>"
".next/dev/server/vendor-chunks/d3-format.js","ignored-untracked","55378","delete","<deleted>"
".next/dev/server/vendor-chunks/d3-geo.js","ignored-untracked","388385","delete","<deleted>"
".next/dev/server/vendor-chunks/d3-hierarchy.js","ignored-untracked","155325","delete","<deleted>"
".next/dev/server/vendor-chunks/d3-interpolate.js","ignored-untracked","45673","delete","<deleted>"
".next/dev/server/vendor-chunks/d3-path.js","ignored-untracked","14458","delete","<deleted>"
".next/dev/server/vendor-chunks/d3-polygon.js","ignored-untracked","19539","delete","<deleted>"
".next/dev/server/vendor-chunks/d3-quadtree.js","ignored-untracked","50977","delete","<deleted>"
".next/dev/server/vendor-chunks/d3-random.js","ignored-untracked","58670","delete","<deleted>"
".next/dev/server/vendor-chunks/d3-scale.js","ignored-untracked","104766","delete","<deleted>"
".next/dev/server/vendor-chunks/d3-scale-chromatic.js","ignored-untracked","132871","delete","<deleted>"
".next/dev/server/vendor-chunks/d3-selection.js","ignored-untracked","145365","delete","<deleted>"
".next/dev/server/vendor-chunks/d3-shape.js","ignored-untracked","145457","delete","<deleted>"
".next/dev/server/vendor-chunks/d3-time.js","ignored-untracked","56165","delete","<deleted>"
".next/dev/server/vendor-chunks/d3-time-format.js","ignored-untracked","57516","delete","<deleted>"
".next/dev/server/vendor-chunks/d3-timer.js","ignored-untracked","11581","delete","<deleted>"
".next/dev/server/vendor-chunks/d3-transition.js","ignored-untracked","126464","delete","<deleted>"
".next/dev/server/vendor-chunks/d3-zoom.js","ignored-untracked","57998","delete","<deleted>"
".next/dev/server/vendor-chunks/date-fns.js","ignored-untracked","475138","delete","<deleted>"
".next/dev/server/vendor-chunks/debug.js","ignored-untracked","56706","delete","<deleted>"
".next/dev/server/vendor-chunks/delaunator.js","ignored-untracked","53732","delete","<deleted>"
".next/dev/server/vendor-chunks/delayed-stream.js","ignored-untracked","7922","delete","<deleted>"
".next/dev/server/vendor-chunks/dompurify.js","ignored-untracked","176977","delete","<deleted>"
".next/dev/server/vendor-chunks/dunder-proto.js","ignored-untracked","4257","delete","<deleted>"
".next/dev/server/vendor-chunks/effect.js","ignored-untracked","9572340","delete","<deleted>"
".next/dev/server/vendor-chunks/es-define-property.js","ignored-untracked","2284","delete","<deleted>"
".next/dev/server/vendor-chunks/es-errors.js","ignored-untracked","6859","delete","<deleted>"
".next/dev/server/vendor-chunks/es-object-atoms.js","ignored-untracked","1603","delete","<deleted>"
".next/dev/server/vendor-chunks/es-set-tostringtag.js","ignored-untracked","6777","delete","<deleted>"
".next/dev/server/vendor-chunks/flatbuffers.js","ignored-untracked","84101","delete","<deleted>"
".next/dev/server/vendor-chunks/follow-redirects.js","ignored-untracked","59847","delete","<deleted>"
".next/dev/server/vendor-chunks/framer-motion.js","ignored-untracked","413927","delete","<deleted>"
".next/dev/server/vendor-chunks/function-bind.js","ignored-untracked","8195","delete","<deleted>"
".next/dev/server/vendor-chunks/get-intrinsic.js","ignored-untracked","42145","delete","<deleted>"
".next/dev/server/vendor-chunks/get-proto.js","ignored-untracked","6533","delete","<deleted>"
".next/dev/server/vendor-chunks/gl-bench.js","ignored-untracked","83507","delete","<deleted>"
".next/dev/server/vendor-chunks/gl-matrix.js","ignored-untracked","63227","delete","<deleted>"
".next/dev/server/vendor-chunks/gopd.js","ignored-untracked","2967","delete","<deleted>"
".next/dev/server/vendor-chunks/has-flag.js","ignored-untracked","2181","delete","<deleted>"
".next/dev/server/vendor-chunks/hasown.js","ignored-untracked","2015","delete","<deleted>"
".next/dev/server/vendor-chunks/has-symbols.js","ignored-untracked","8538","delete","<deleted>"
".next/dev/server/vendor-chunks/internmap.js","ignored-untracked","6059","delete","<deleted>"
".next/dev/server/vendor-chunks/interval-tree-1d.js","ignored-untracked","25053","delete","<deleted>"
".next/dev/server/vendor-chunks/isoformat.js","ignored-untracked","6097","delete","<deleted>"
".next/dev/server/vendor-chunks/is-what.js","ignored-untracked","11291","delete","<deleted>"
".next/dev/server/vendor-chunks/lodash.js","ignored-untracked","540620","delete","<deleted>"
".next/dev/server/vendor-chunks/lucide-react.js","ignored-untracked","250547","delete","<deleted>"
".next/dev/server/vendor-chunks/math-intrinsics.js","ignored-untracked","8754","delete","<deleted>"
".next/dev/server/vendor-chunks/motion-dom.js","ignored-untracked","1225130","delete","<deleted>"
".next/dev/server/vendor-chunks/motion-utils.js","ignored-untracked","65640","delete","<deleted>"
".next/dev/server/vendor-chunks/ms.js","ignored-untracked","9857","delete","<deleted>"
".next/dev/server/vendor-chunks/next.js","ignored-untracked","10114011","delete","<deleted>"
".next/dev/server/vendor-chunks/next-auth.js","ignored-untracked","201026","delete","<deleted>"
".next/dev/server/vendor-chunks/oauth4webapi.js","ignored-untracked","538901","delete","<deleted>"
".next/dev/server/vendor-chunks/openai.js","ignored-untracked","1402640","delete","<deleted>"
".next/dev/server/vendor-chunks/p-limit.js","ignored-untracked","11269","delete","<deleted>"
".next/dev/server/vendor-chunks/postgres-array.js","ignored-untracked","11531","delete","<deleted>"
".next/dev/server/vendor-chunks/proxy-from-env.js","ignored-untracked","10114","delete","<deleted>"
".next/dev/server/vendor-chunks/random.js","ignored-untracked","131646","delete","<deleted>"
".next/dev/server/vendor-chunks/robust-predicates.js","ignored-untracked","228020","delete","<deleted>"
".next/dev/server/vendor-chunks/sonner.js","ignored-untracked","223741","delete","<deleted>"
".next/dev/server/vendor-chunks/superjson.js","ignored-untracked","189269","delete","<deleted>"
".next/dev/server/vendor-chunks/supports-color.js","ignored-untracked","9533","delete","<deleted>"
".next/dev/server/vendor-chunks/tailwind-merge.js","ignored-untracked","281825","delete","<deleted>"
".next/dev/server/vendor-chunks/three.js","ignored-untracked","6820504","delete","<deleted>"
".next/dev/server/vendor-chunks/tslib.js","ignored-untracked","50474","delete","<deleted>"
".next/dev/server/vendor-chunks/uncrypto.js","ignored-untracked","3128","delete","<deleted>"
".next/dev/server/vendor-chunks/uploadthing.js","ignored-untracked","188604","delete","<deleted>"
".next/dev/server/vendor-chunks/use-debounce.js","ignored-untracked","10048","delete","<deleted>"
".next/dev/server/vendor-chunks/xlsx.js","ignored-untracked","2820072","delete","<deleted>"
".next/dev/server/vendor-chunks/yocto-queue.js","ignored-untracked","6322","delete","<deleted>"
".next/dev/server/vendor-chunks/zod.js","ignored-untracked","829084","delete","<deleted>"
".next/dev/server/webpack-runtime.js","ignored-untracked","28237","delete","<deleted>"
".next/dev/static/chunks/_app-pages-browser_app_dashboard_users_AccAnalysisPanel_tsx.js","ignored-untracked","560008","delete","<deleted>"
".next/dev/static/chunks/_app-pages-browser_app_dashboard_users_access-analysis_DeferredAnalyticsSection_tsx.js","ignored-untracked","5555509","delete","<deleted>"
".next/dev/static/chunks/_app-pages-browser_app_dashboard_users_access-analysis_HybridAnalyticsSurface_tsx.js","ignored-untracked","1718499","delete","<deleted>"
".next/dev/static/chunks/_app-pages-browser_app_dashboard_users_accGraphOrganicLayout_worker_ts.js","ignored-untracked","236505","delete","<deleted>"
".next/dev/static/chunks/_app-pages-browser_app_dashboard_users_AccProfileSection_tsx.js","ignored-untracked","264525","delete","<deleted>"
".next/dev/static/chunks/_app-pages-browser_app_dashboard_users_AccUsersGraph_tsx.js","ignored-untracked","1564291","delete","<deleted>"
".next/dev/static/chunks/_app-pages-browser_app_dashboard_users_dashboard_DashboardSidePanel_tsx.js","ignored-untracked","5244787","delete","<deleted>"
".next/dev/static/chunks/_app-pages-browser_components_dashboard_ChatPanel_tsx.js","ignored-untracked","334975","delete","<deleted>"
".next/dev/static/chunks/_app-pages-browser_components_dashboard_DashboardCalendar_tsx.js","ignored-untracked","2443842","delete","<deleted>"
".next/dev/static/chunks/_app-pages-browser_components_dashboard_MailService_tsx.js","ignored-untracked","312720","delete","<deleted>"
".next/dev/static/chunks/_app-pages-browser_node_modules_cosmos_gl_graph_dist_index_js.js","ignored-untracked","3368698","delete","<deleted>"
".next/dev/static/chunks/_app-pages-browser_node_modules_duckdb_duckdb-wasm_dist_duckdb-browser_mjs.js","ignored-untracked","1976930","delete","<deleted>"
".next/dev/static/chunks/_app-pages-browser_node_modules_luma_gl_webgl_dist_adapter_webgl-device_js.js","ignored-untracked","786346","delete","<deleted>"
".next/dev/static/chunks/_app-pages-browser_node_modules_next_dist_client_dev_noop-turbopack-hmr_js.js","ignored-untracked","6383","delete","<deleted>"
".next/dev/static/chunks/_app-pages-browser_node_modules_three_build_three_module_js.js","ignored-untracked","6703371","delete","<deleted>"
".next/dev/static/chunks/_app-pages-browser_node_modules_three_examples_jsm_controls_OrbitControls_js.js","ignored-untracked","4949298","delete","<deleted>"
".next/dev/static/chunks/_app-pages-browser_node_modules_uwdata_vgplot_src_index_js.js","ignored-untracked","4855752","delete","<deleted>"
".next/dev/static/chunks/_error.js","ignored-untracked","59902","delete","<deleted>"
".next/dev/static/chunks/_pages-dir-browser_node_modules_next_dist_pages__app_js.js","ignored-untracked","9459","delete","<deleted>"
".next/dev/static/chunks/_pages-dir-browser_node_modules_next_dist_pages__error_js.js","ignored-untracked","56771","delete","<deleted>"
".next/dev/static/chunks/app/(auth)/login/page.js","ignored-untracked","2070533","delete","<deleted>"
".next/dev/static/chunks/app/(dashboard)/error.js","ignored-untracked","441985","delete","<deleted>"
".next/dev/static/chunks/app/(dashboard)/home/loading.js","ignored-untracked","379694","delete","<deleted>"
".next/dev/static/chunks/app/(dashboard)/home/page.js","ignored-untracked","1880752","delete","<deleted>"
".next/dev/static/chunks/app/(dashboard)/layout.js","ignored-untracked","4980876","delete","<deleted>"
".next/dev/static/chunks/app/(dashboard)/users/loading.js","ignored-untracked","1677","delete","<deleted>"
".next/dev/static/chunks/app/(dashboard)/users/page.js","ignored-untracked","6423661","delete","<deleted>"
".next/dev/static/chunks/app/api/auth/[...nextauth]/route.js","ignored-untracked","1680","delete","<deleted>"
".next/dev/static/chunks/app/api/chat/stream/route.js","ignored-untracked","1673","delete","<deleted>"
".next/dev/static/chunks/app/api/events/trello/route.js","ignored-untracked","1675","delete","<deleted>"
".next/dev/static/chunks/app/api/events/users/route.js","ignored-untracked","1674","delete","<deleted>"
".next/dev/static/chunks/app/api/trpc/[trpc]/route.js","ignored-untracked","1673","delete","<deleted>"
".next/dev/static/chunks/app/layout.js","ignored-untracked","1593976","delete","<deleted>"
".next/dev/static/chunks/app/page.js","ignored-untracked","1656","delete","<deleted>"
".next/dev/static/chunks/app-pages-internals.js","ignored-untracked","239548","delete","<deleted>"
".next/dev/static/chunks/main.js","ignored-untracked","7002037","delete","<deleted>"
".next/dev/static/chunks/main-app.js","ignored-untracked","11945346","delete","<deleted>"
".next/dev/static/chunks/pages/_app.js","ignored-untracked","12240","delete","<deleted>"
".next/dev/static/chunks/pages/_error.js","ignored-untracked","59558","delete","<deleted>"
".next/dev/static/chunks/polyfills.js","ignored-untracked","112594","delete","<deleted>"
".next/dev/static/chunks/react-refresh.js","ignored-untracked","79415","delete","<deleted>"
".next/dev/static/chunks/webpack.js","ignored-untracked","144113","delete","<deleted>"
".next/dev/static/css/app/layout.css","ignored-untracked","264213","delete","<deleted>"
".next/dev/static/development/_buildManifest.js","ignored-untracked","312","delete","<deleted>"
".next/dev/static/development/_ssgManifest.js","ignored-untracked","76","delete","<deleted>"
".next/dev/static/media/36966cca54120369-s.p.woff2","ignored-untracked","22320","delete","<deleted>"
".next/dev/static/media/438aa629764e75f3-s.woff2","ignored-untracked","2592","delete","<deleted>"
".next/dev/static/media/4c9affa5bc8f420e-s.p.woff2","ignored-untracked","24576","delete","<deleted>"
".next/dev/static/media/51251f8b9793cdb3-s.woff2","ignored-untracked","9360","delete","<deleted>"
".next/dev/static/media/875ae681bfde4580-s.woff2","ignored-untracked","14544","delete","<deleted>"
".next/dev/static/media/b7387a63dd068245-s.woff2","ignored-untracked","18924","delete","<deleted>"
".next/dev/static/media/cc978ac5ee68c2b6-s.woff2","ignored-untracked","15240","delete","<deleted>"
".next/dev/static/media/e1aab0933260df4d-s.woff2","ignored-untracked","6772","delete","<deleted>"
".next/dev/static/media/e857b654a2caa584-s.woff2","ignored-untracked","8492","delete","<deleted>"
".next/dev/static/webpack/_app-pages-browser_app_dashboard_users_access-analysis_HybridAnalyticsSurface_tsx.9b1100cf8bfa62e7.hot-update.js","ignored-untracked","1557741","delete","<deleted>"
".next/dev/static/webpack/_app-pages-browser_app_dashboard_users_accGraphOrganicLayout_worker_ts.0659fff773ba113c.hot-update.js","ignored-untracked","902","delete","<deleted>"
".next/dev/static/webpack/_app-pages-browser_app_dashboard_users_accGraphOrganicLayout_worker_ts.0def90949211790c.hot-update.js","ignored-untracked","902","delete","<deleted>"
".next/dev/static/webpack/_app-pages-browser_app_dashboard_users_accGraphOrganicLayout_worker_ts.142cbe71ed145570.hot-update.js","ignored-untracked","902","delete","<deleted>"
".next/dev/static/webpack/_app-pages-browser_app_dashboard_users_accGraphOrganicLayout_worker_ts.15d84ada7ff653f4.hot-update.js","ignored-untracked","902","delete","<deleted>"
".next/dev/static/webpack/_app-pages-browser_app_dashboard_users_accGraphOrganicLayout_worker_ts.1c786527ed152c3f.hot-update.js","ignored-untracked","902","delete","<deleted>"
".next/dev/static/webpack/_app-pages-browser_app_dashboard_users_accGraphOrganicLayout_worker_ts.1eabce830ccee024.hot-update.js","ignored-untracked","902","delete","<deleted>"
".next/dev/static/webpack/_app-pages-browser_app_dashboard_users_accGraphOrganicLayout_worker_ts.29f4cc33caa1364c.hot-update.js","ignored-untracked","902","delete","<deleted>"
".next/dev/static/webpack/_app-pages-browser_app_dashboard_users_accGraphOrganicLayout_worker_ts.30159de4a222f38c.hot-update.js","ignored-untracked","902","delete","<deleted>"
".next/dev/static/webpack/_app-pages-browser_app_dashboard_users_accGraphOrganicLayout_worker_ts.3132f6e6077326f1.hot-update.js","ignored-untracked","902","delete","<deleted>"
".next/dev/static/webpack/_app-pages-browser_app_dashboard_users_accGraphOrganicLayout_worker_ts.37f62effc4eba113.hot-update.js","ignored-untracked","902","delete","<deleted>"
".next/dev/static/webpack/_app-pages-browser_app_dashboard_users_accGraphOrganicLayout_worker_ts.398bb6829b56c19f.hot-update.js","ignored-untracked","902","delete","<deleted>"
".next/dev/static/webpack/_app-pages-browser_app_dashboard_users_accGraphOrganicLayout_worker_ts.3be98a09e667da19.hot-update.js","ignored-untracked","902","delete","<deleted>"
".next/dev/static/webpack/_app-pages-browser_app_dashboard_users_accGraphOrganicLayout_worker_ts.3f5468b1bedac591.hot-update.js","ignored-untracked","902","delete","<deleted>"
".next/dev/static/webpack/_app-pages-browser_app_dashboard_users_accGraphOrganicLayout_worker_ts.40ac6208e1ba8430.hot-update.js","ignored-untracked","902","delete","<deleted>"
".next/dev/static/webpack/_app-pages-browser_app_dashboard_users_accGraphOrganicLayout_worker_ts.40b7900455444a9d.hot-update.js","ignored-untracked","902","delete","<deleted>"
".next/dev/static/webpack/_app-pages-browser_app_dashboard_users_accGraphOrganicLayout_worker_ts.4194223038313e42.hot-update.js","ignored-untracked","902","delete","<deleted>"
".next/dev/static/webpack/_app-pages-browser_app_dashboard_users_accGraphOrganicLayout_worker_ts.489438d6490c71d0.hot-update.js","ignored-untracked","902","delete","<deleted>"
".next/dev/static/webpack/_app-pages-browser_app_dashboard_users_accGraphOrganicLayout_worker_ts.490cb52a83297f93.hot-update.js","ignored-untracked","902","delete","<deleted>"
".next/dev/static/webpack/_app-pages-browser_app_dashboard_users_accGraphOrganicLayout_worker_ts.499cf04f22b9d1cc.hot-update.js","ignored-untracked","902","delete","<deleted>"
".next/dev/static/webpack/_app-pages-browser_app_dashboard_users_accGraphOrganicLayout_worker_ts.4e688e02a4bb85ed.hot-update.js","ignored-untracked","902","delete","<deleted>"
".next/dev/static/webpack/_app-pages-browser_app_dashboard_users_accGraphOrganicLayout_worker_ts.5648592eaca9ab6d.hot-update.js","ignored-untracked","902","delete","<deleted>"
".next/dev/static/webpack/_app-pages-browser_app_dashboard_users_accGraphOrganicLayout_worker_ts.5c4cdbead2fc6f25.hot-update.js","ignored-untracked","902","delete","<deleted>"
".next/dev/static/webpack/_app-pages-browser_app_dashboard_users_accGraphOrganicLayout_worker_ts.5ecb885fb64b8dce.hot-update.js","ignored-untracked","902","delete","<deleted>"
".next/dev/static/webpack/_app-pages-browser_app_dashboard_users_accGraphOrganicLayout_worker_ts.65a16f55ffa34070.hot-update.js","ignored-untracked","902","delete","<deleted>"
".next/dev/static/webpack/_app-pages-browser_app_dashboard_users_accGraphOrganicLayout_worker_ts.6a04d6272b504da4.hot-update.js","ignored-untracked","902","delete","<deleted>"
".next/dev/static/webpack/_app-pages-browser_app_dashboard_users_accGraphOrganicLayout_worker_ts.6e62b97f5ced23b0.hot-update.js","ignored-untracked","902","delete","<deleted>"
".next/dev/static/webpack/_app-pages-browser_app_dashboard_users_accGraphOrganicLayout_worker_ts.7b60d71e2369c6c9.hot-update.js","ignored-untracked","902","delete","<deleted>"
".next/dev/static/webpack/_app-pages-browser_app_dashboard_users_accGraphOrganicLayout_worker_ts.7d5e0d27ac251f39.hot-update.js","ignored-untracked","902","delete","<deleted>"
".next/dev/static/webpack/_app-pages-browser_app_dashboard_users_accGraphOrganicLayout_worker_ts.833e097095e8a970.hot-update.js","ignored-untracked","902","delete","<deleted>"
".next/dev/static/webpack/_app-pages-browser_app_dashboard_users_accGraphOrganicLayout_worker_ts.85d01af3557ffe92.hot-update.js","ignored-untracked","902","delete","<deleted>"
".next/dev/static/webpack/_app-pages-browser_app_dashboard_users_accGraphOrganicLayout_worker_ts.866767b605ea0f5c.hot-update.js","ignored-untracked","902","delete","<deleted>"
".next/dev/static/webpack/_app-pages-browser_app_dashboard_users_accGraphOrganicLayout_worker_ts.8abb6a4206e0249f.hot-update.js","ignored-untracked","902","delete","<deleted>"
".next/dev/static/webpack/_app-pages-browser_app_dashboard_users_accGraphOrganicLayout_worker_ts.8d406730ccbda751.hot-update.js","ignored-untracked","902","delete","<deleted>"
".next/dev/static/webpack/_app-pages-browser_app_dashboard_users_accGraphOrganicLayout_worker_ts.8ddf52f005479828.hot-update.js","ignored-untracked","902","delete","<deleted>"
".next/dev/static/webpack/_app-pages-browser_app_dashboard_users_accGraphOrganicLayout_worker_ts.90c3d7fab79920d7.hot-update.js","ignored-untracked","902","delete","<deleted>"
".next/dev/static/webpack/_app-pages-browser_app_dashboard_users_accGraphOrganicLayout_worker_ts.91e3ee13d8c98d37.hot-update.js","ignored-untracked","902","delete","<deleted>"
".next/dev/static/webpack/_app-pages-browser_app_dashboard_users_accGraphOrganicLayout_worker_ts.9b1100cf8bfa62e7.hot-update.js","ignored-untracked","902","delete","<deleted>"
".next/dev/static/webpack/_app-pages-browser_app_dashboard_users_accGraphOrganicLayout_worker_ts.9e6464c6e9f13228.hot-update.js","ignored-untracked","902","delete","<deleted>"
".next/dev/static/webpack/_app-pages-browser_app_dashboard_users_accGraphOrganicLayout_worker_ts.9ea59b9d91c0c8a7.hot-update.js","ignored-untracked","902","delete","<deleted>"
".next/dev/static/webpack/_app-pages-browser_app_dashboard_users_accGraphOrganicLayout_worker_ts.a92286b416e25de7.hot-update.js","ignored-untracked","902","delete","<deleted>"
".next/dev/static/webpack/_app-pages-browser_app_dashboard_users_accGraphOrganicLayout_worker_ts.aa9aaa4fe7120e5e.hot-update.js","ignored-untracked","902","delete","<deleted>"
".next/dev/static/webpack/_app-pages-browser_app_dashboard_users_accGraphOrganicLayout_worker_ts.b09ac9cdfaffc37f.hot-update.js","ignored-untracked","902","delete","<deleted>"
".next/dev/static/webpack/_app-pages-browser_app_dashboard_users_accGraphOrganicLayout_worker_ts.b1ce140b17a2c7df.hot-update.js","ignored-untracked","902","delete","<deleted>"
".next/dev/static/webpack/_app-pages-browser_app_dashboard_users_accGraphOrganicLayout_worker_ts.b43a35ec559168e9.hot-update.js","ignored-untracked","902","delete","<deleted>"
".next/dev/static/webpack/_app-pages-browser_app_dashboard_users_accGraphOrganicLayout_worker_ts.b7a3c1f7690ec714.hot-update.js","ignored-untracked","902","delete","<deleted>"
".next/dev/static/webpack/_app-pages-browser_app_dashboard_users_accGraphOrganicLayout_worker_ts.be32a6109d5d9df1.hot-update.js","ignored-untracked","902","delete","<deleted>"
".next/dev/static/webpack/_app-pages-browser_app_dashboard_users_accGraphOrganicLayout_worker_ts.c0615f3e0c655eeb.hot-update.js","ignored-untracked","902","delete","<deleted>"
".next/dev/static/webpack/_app-pages-browser_app_dashboard_users_accGraphOrganicLayout_worker_ts.c146d0862040bf11.hot-update.js","ignored-untracked","902","delete","<deleted>"
".next/dev/static/webpack/_app-pages-browser_app_dashboard_users_accGraphOrganicLayout_worker_ts.c56669435852814d.hot-update.js","ignored-untracked","902","delete","<deleted>"
".next/dev/static/webpack/_app-pages-browser_app_dashboard_users_accGraphOrganicLayout_worker_ts.c773489da2ba60dc.hot-update.js","ignored-untracked","902","delete","<deleted>"
".next/dev/static/webpack/_app-pages-browser_app_dashboard_users_accGraphOrganicLayout_worker_ts.cab2b68ae44c09ef.hot-update.js","ignored-untracked","902","delete","<deleted>"
".next/dev/static/webpack/_app-pages-browser_app_dashboard_users_accGraphOrganicLayout_worker_ts.ce13882df3fd2181.hot-update.js","ignored-untracked","902","delete","<deleted>"
".next/dev/static/webpack/_app-pages-browser_app_dashboard_users_accGraphOrganicLayout_worker_ts.d087913c1ee30e10.hot-update.js","ignored-untracked","902","delete","<deleted>"
".next/dev/static/webpack/_app-pages-browser_app_dashboard_users_accGraphOrganicLayout_worker_ts.d1a267555b9d4259.hot-update.js","ignored-untracked","902","delete","<deleted>"
".next/dev/static/webpack/_app-pages-browser_app_dashboard_users_accGraphOrganicLayout_worker_ts.d8c9e17ab788137f.hot-update.js","ignored-untracked","902","delete","<deleted>"
".next/dev/static/webpack/_app-pages-browser_app_dashboard_users_accGraphOrganicLayout_worker_ts.e409c0656bcf7f30.hot-update.js","ignored-untracked","902","delete","<deleted>"
".next/dev/static/webpack/_app-pages-browser_app_dashboard_users_accGraphOrganicLayout_worker_ts.e74e9d4be7f767da.hot-update.js","ignored-untracked","902","delete","<deleted>"
".next/dev/static/webpack/_app-pages-browser_app_dashboard_users_accGraphOrganicLayout_worker_ts.e7ba97bd1ab76510.hot-update.js","ignored-untracked","902","delete","<deleted>"
".next/dev/static/webpack/_app-pages-browser_app_dashboard_users_accGraphOrganicLayout_worker_ts.eff1453f1d923aa5.hot-update.js","ignored-untracked","902","delete","<deleted>"
".next/dev/static/webpack/_app-pages-browser_app_dashboard_users_accGraphOrganicLayout_worker_ts.fa27f4e1644a75bc.hot-update.js","ignored-untracked","902","delete","<deleted>"
".next/dev/static/webpack/_app-pages-browser_app_dashboard_users_AccUsersGraph_tsx.c146d0862040bf11.hot-update.js","ignored-untracked","11263","delete","<deleted>"
".next/dev/static/webpack/0659fff773ba113c.2019cdc97c5a1fd7.hot-update.json","ignored-untracked","94","delete","<deleted>"
".next/dev/static/webpack/0659fff773ba113c.webpack.hot-update.json","ignored-untracked","44","delete","<deleted>"
".next/dev/static/webpack/0def90949211790c.2019cdc97c5a1fd7.hot-update.json","ignored-untracked","94","delete","<deleted>"
".next/dev/static/webpack/0def90949211790c.webpack.hot-update.json","ignored-untracked","44","delete","<deleted>"
".next/dev/static/webpack/142cbe71ed145570.2019cdc97c5a1fd7.hot-update.json","ignored-untracked","94","delete","<deleted>"
".next/dev/static/webpack/142cbe71ed145570.webpack.hot-update.json","ignored-untracked","44","delete","<deleted>"
".next/dev/static/webpack/15d84ada7ff653f4.2019cdc97c5a1fd7.hot-update.json","ignored-untracked","94","delete","<deleted>"
".next/dev/static/webpack/15d84ada7ff653f4.webpack.hot-update.json","ignored-untracked","44","delete","<deleted>"
".next/dev/static/webpack/1c786527ed152c3f.2019cdc97c5a1fd7.hot-update.json","ignored-untracked","94","delete","<deleted>"
".next/dev/static/webpack/1c786527ed152c3f.webpack.hot-update.json","ignored-untracked","44","delete","<deleted>"
".next/dev/static/webpack/1eabce830ccee024.2019cdc97c5a1fd7.hot-update.json","ignored-untracked","94","delete","<deleted>"
".next/dev/static/webpack/1eabce830ccee024.webpack.hot-update.json","ignored-untracked","44","delete","<deleted>"
".next/dev/static/webpack/29f4cc33caa1364c.2019cdc97c5a1fd7.hot-update.json","ignored-untracked","94","delete","<deleted>"
".next/dev/static/webpack/29f4cc33caa1364c.webpack.hot-update.json","ignored-untracked","44","delete","<deleted>"
".next/dev/static/webpack/2f4c0dc89703bc04.webpack.hot-update.json","ignored-untracked","44","delete","<deleted>"
".next/dev/static/webpack/30159de4a222f38c.2019cdc97c5a1fd7.hot-update.json","ignored-untracked","94","delete","<deleted>"
".next/dev/static/webpack/30159de4a222f38c.webpack.hot-update.json","ignored-untracked","73","delete","<deleted>"
".next/dev/static/webpack/3132f6e6077326f1.2019cdc97c5a1fd7.hot-update.json","ignored-untracked","94","delete","<deleted>"
".next/dev/static/webpack/3132f6e6077326f1.webpack.hot-update.json","ignored-untracked","44","delete","<deleted>"
".next/dev/static/webpack/37f62effc4eba113.2019cdc97c5a1fd7.hot-update.json","ignored-untracked","94","delete","<deleted>"
".next/dev/static/webpack/37f62effc4eba113.webpack.hot-update.json","ignored-untracked","44","delete","<deleted>"
".next/dev/static/webpack/398bb6829b56c19f.2019cdc97c5a1fd7.hot-update.json","ignored-untracked","94","delete","<deleted>"
".next/dev/static/webpack/398bb6829b56c19f.webpack.hot-update.json","ignored-untracked","44","delete","<deleted>"
".next/dev/static/webpack/3be98a09e667da19.2019cdc97c5a1fd7.hot-update.json","ignored-untracked","94","delete","<deleted>"
".next/dev/static/webpack/3be98a09e667da19.webpack.hot-update.json","ignored-untracked","44","delete","<deleted>"
".next/dev/static/webpack/3f5468b1bedac591.2019cdc97c5a1fd7.hot-update.json","ignored-untracked","94","delete","<deleted>"
".next/dev/static/webpack/3f5468b1bedac591.webpack.hot-update.json","ignored-untracked","44","delete","<deleted>"
".next/dev/static/webpack/40ac6208e1ba8430.2019cdc97c5a1fd7.hot-update.json","ignored-untracked","94","delete","<deleted>"
".next/dev/static/webpack/40ac6208e1ba8430.webpack.hot-update.json","ignored-untracked","73","delete","<deleted>"
".next/dev/static/webpack/40b7900455444a9d.2019cdc97c5a1fd7.hot-update.json","ignored-untracked","94","delete","<deleted>"
".next/dev/static/webpack/40b7900455444a9d.webpack.hot-update.json","ignored-untracked","44","delete","<deleted>"
".next/dev/static/webpack/4194223038313e42.2019cdc97c5a1fd7.hot-update.json","ignored-untracked","94","delete","<deleted>"
".next/dev/static/webpack/4194223038313e42.webpack.hot-update.json","ignored-untracked","44","delete","<deleted>"
".next/dev/static/webpack/489438d6490c71d0.2019cdc97c5a1fd7.hot-update.json","ignored-untracked","94","delete","<deleted>"
".next/dev/static/webpack/489438d6490c71d0.webpack.hot-update.json","ignored-untracked","44","delete","<deleted>"
".next/dev/static/webpack/490cb52a83297f93.2019cdc97c5a1fd7.hot-update.json","ignored-untracked","94","delete","<deleted>"
".next/dev/static/webpack/490cb52a83297f93.webpack.hot-update.json","ignored-untracked","31","delete","<deleted>"
".next/dev/static/webpack/499cf04f22b9d1cc.2019cdc97c5a1fd7.hot-update.json","ignored-untracked","94","delete","<deleted>"
".next/dev/static/webpack/499cf04f22b9d1cc.webpack.hot-update.json","ignored-untracked","44","delete","<deleted>"
".next/dev/static/webpack/4e688e02a4bb85ed.2019cdc97c5a1fd7.hot-update.json","ignored-untracked","94","delete","<deleted>"
".next/dev/static/webpack/4e688e02a4bb85ed.webpack.hot-update.json","ignored-untracked","73","delete","<deleted>"
".next/dev/static/webpack/5648592eaca9ab6d.2019cdc97c5a1fd7.hot-update.json","ignored-untracked","94","delete","<deleted>"
".next/dev/static/webpack/5648592eaca9ab6d.webpack.hot-update.json","ignored-untracked","44","delete","<deleted>"
".next/dev/static/webpack/5c4cdbead2fc6f25.2019cdc97c5a1fd7.hot-update.json","ignored-untracked","94","delete","<deleted>"
".next/dev/static/webpack/5c4cdbead2fc6f25.webpack.hot-update.json","ignored-untracked","44","delete","<deleted>"
".next/dev/static/webpack/5ecb885fb64b8dce.2019cdc97c5a1fd7.hot-update.json","ignored-untracked","94","delete","<deleted>"
".next/dev/static/webpack/5ecb885fb64b8dce.webpack.hot-update.json","ignored-untracked","73","delete","<deleted>"
".next/dev/static/webpack/633457081244afec._.hot-update.json","ignored-untracked","22","delete","<deleted>"
".next/dev/static/webpack/65a16f55ffa34070.2019cdc97c5a1fd7.hot-update.json","ignored-untracked","94","delete","<deleted>"
".next/dev/static/webpack/65a16f55ffa34070.webpack.hot-update.json","ignored-untracked","44","delete","<deleted>"
".next/dev/static/webpack/6a04d6272b504da4.2019cdc97c5a1fd7.hot-update.json","ignored-untracked","94","delete","<deleted>"
".next/dev/static/webpack/6a04d6272b504da4.webpack.hot-update.json","ignored-untracked","44","delete","<deleted>"
".next/dev/static/webpack/6e62b97f5ced23b0.2019cdc97c5a1fd7.hot-update.json","ignored-untracked","94","delete","<deleted>"
".next/dev/static/webpack/6e62b97f5ced23b0.webpack.hot-update.json","ignored-untracked","44","delete","<deleted>"
".next/dev/static/webpack/7ad2a93d89cc8d61.webpack.hot-update.json","ignored-untracked","31","delete","<deleted>"
".next/dev/static/webpack/7b60d71e2369c6c9.2019cdc97c5a1fd7.hot-update.json","ignored-untracked","94","delete","<deleted>"
".next/dev/static/webpack/7b60d71e2369c6c9.webpack.hot-update.json","ignored-untracked","44","delete","<deleted>"
".next/dev/static/webpack/7d5e0d27ac251f39.2019cdc97c5a1fd7.hot-update.json","ignored-untracked","94","delete","<deleted>"
".next/dev/static/webpack/7d5e0d27ac251f39.webpack.hot-update.json","ignored-untracked","44","delete","<deleted>"
".next/dev/static/webpack/833e097095e8a970.2019cdc97c5a1fd7.hot-update.json","ignored-untracked","296","delete","<deleted>"
".next/dev/static/webpack/833e097095e8a970.webpack.hot-update.json","ignored-untracked","255","delete","<deleted>"
".next/dev/static/webpack/85d01af3557ffe92.2019cdc97c5a1fd7.hot-update.json","ignored-untracked","3449","delete","<deleted>"
".next/dev/static/webpack/85d01af3557ffe92.webpack.hot-update.json","ignored-untracked","3415","delete","<deleted>"
".next/dev/static/webpack/866767b605ea0f5c.2019cdc97c5a1fd7.hot-update.json","ignored-untracked","94","delete","<deleted>"
".next/dev/static/webpack/866767b605ea0f5c.webpack.hot-update.json","ignored-untracked","73","delete","<deleted>"
".next/dev/static/webpack/86aa68ce8d11661c.webpack.hot-update.json","ignored-untracked","31","delete","<deleted>"
".next/dev/static/webpack/8abb6a4206e0249f.2019cdc97c5a1fd7.hot-update.json","ignored-untracked","94","delete","<deleted>"
".next/dev/static/webpack/8abb6a4206e0249f.webpack.hot-update.json","ignored-untracked","44","delete","<deleted>"
".next/dev/static/webpack/8d406730ccbda751.2019cdc97c5a1fd7.hot-update.json","ignored-untracked","94","delete","<deleted>"
".next/dev/static/webpack/8d406730ccbda751.webpack.hot-update.json","ignored-untracked","44","delete","<deleted>"
".next/dev/static/webpack/8ddf52f005479828.2019cdc97c5a1fd7.hot-update.json","ignored-untracked","94","delete","<deleted>"
".next/dev/static/webpack/8ddf52f005479828.webpack.hot-update.json","ignored-untracked","73","delete","<deleted>"
".next/dev/static/webpack/90c3d7fab79920d7.2019cdc97c5a1fd7.hot-update.json","ignored-untracked","94","delete","<deleted>"
".next/dev/static/webpack/90c3d7fab79920d7.webpack.hot-update.json","ignored-untracked","44","delete","<deleted>"
".next/dev/static/webpack/91e3ee13d8c98d37.2019cdc97c5a1fd7.hot-update.json","ignored-untracked","94","delete","<deleted>"
".next/dev/static/webpack/91e3ee13d8c98d37.webpack.hot-update.json","ignored-untracked","44","delete","<deleted>"
".next/dev/static/webpack/9b1100cf8bfa62e7.2019cdc97c5a1fd7.hot-update.json","ignored-untracked","94","delete","<deleted>"
".next/dev/static/webpack/9b1100cf8bfa62e7.webpack.hot-update.json","ignored-untracked","157","delete","<deleted>"
".next/dev/static/webpack/9e6464c6e9f13228.2019cdc97c5a1fd7.hot-update.json","ignored-untracked","94","delete","<deleted>"
".next/dev/static/webpack/9e6464c6e9f13228.webpack.hot-update.json","ignored-untracked","44","delete","<deleted>"
".next/dev/static/webpack/9ea59b9d91c0c8a7.2019cdc97c5a1fd7.hot-update.json","ignored-untracked","94","delete","<deleted>"
".next/dev/static/webpack/9ea59b9d91c0c8a7.webpack.hot-update.json","ignored-untracked","44","delete","<deleted>"
".next/dev/static/webpack/a92286b416e25de7.2019cdc97c5a1fd7.hot-update.json","ignored-untracked","94","delete","<deleted>"
".next/dev/static/webpack/a92286b416e25de7.webpack.hot-update.json","ignored-untracked","44","delete","<deleted>"
".next/dev/static/webpack/aa9aaa4fe7120e5e.2019cdc97c5a1fd7.hot-update.json","ignored-untracked","94","delete","<deleted>"
".next/dev/static/webpack/aa9aaa4fe7120e5e.webpack.hot-update.json","ignored-untracked","44","delete","<deleted>"
".next/dev/static/webpack/app/(dashboard)/users/page.30159de4a222f38c.hot-update.js","ignored-untracked","515648","delete","<deleted>"
".next/dev/static/webpack/app/(dashboard)/users/page.40ac6208e1ba8430.hot-update.js","ignored-untracked","398880","delete","<deleted>"
".next/dev/static/webpack/app/(dashboard)/users/page.4e688e02a4bb85ed.hot-update.js","ignored-untracked","22872","delete","<deleted>"
".next/dev/static/webpack/app/(dashboard)/users/page.5ecb885fb64b8dce.hot-update.js","ignored-untracked","25413","delete","<deleted>"
".next/dev/static/webpack/app/(dashboard)/users/page.85d01af3557ffe92.hot-update.js","ignored-untracked","5133","delete","<deleted>"
".next/dev/static/webpack/app/(dashboard)/users/page.866767b605ea0f5c.hot-update.js","ignored-untracked","403361","delete","<deleted>"
".next/dev/static/webpack/app/(dashboard)/users/page.8ddf52f005479828.hot-update.js","ignored-untracked","399202","delete","<deleted>"
".next/dev/static/webpack/app/(dashboard)/users/page.9b1100cf8bfa62e7.hot-update.js","ignored-untracked","392385","delete","<deleted>"
".next/dev/static/webpack/app/(dashboard)/users/page.b7a3c1f7690ec714.hot-update.js","ignored-untracked","412731","delete","<deleted>"
".next/dev/static/webpack/app/(dashboard)/users/page.c146d0862040bf11.hot-update.js","ignored-untracked","22872","delete","<deleted>"
".next/dev/static/webpack/app/(dashboard)/users/page.e409c0656bcf7f30.hot-update.js","ignored-untracked","78440","delete","<deleted>"
".next/dev/static/webpack/app/(dashboard)/users/page.e74e9d4be7f767da.hot-update.js","ignored-untracked","403932","delete","<deleted>"
".next/dev/static/webpack/app/(dashboard)/users/page.e7ba97bd1ab76510.hot-update.js","ignored-untracked","25464","delete","<deleted>"
".next/dev/static/webpack/app/(dashboard)/users/page.fa27f4e1644a75bc.hot-update.js","ignored-untracked","404444","delete","<deleted>"
".next/dev/static/webpack/app/layout.0659fff773ba113c.hot-update.js","ignored-untracked","1775","delete","<deleted>"
".next/dev/static/webpack/app/layout.0def90949211790c.hot-update.js","ignored-untracked","1775","delete","<deleted>"
".next/dev/static/webpack/app/layout.142cbe71ed145570.hot-update.js","ignored-untracked","1775","delete","<deleted>"
".next/dev/static/webpack/app/layout.15d84ada7ff653f4.hot-update.js","ignored-untracked","1775","delete","<deleted>"
".next/dev/static/webpack/app/layout.1c786527ed152c3f.hot-update.js","ignored-untracked","1775","delete","<deleted>"
".next/dev/static/webpack/app/layout.1eabce830ccee024.hot-update.js","ignored-untracked","1775","delete","<deleted>"
".next/dev/static/webpack/app/layout.29f4cc33caa1364c.hot-update.js","ignored-untracked","1775","delete","<deleted>"
".next/dev/static/webpack/app/layout.2f4c0dc89703bc04.hot-update.js","ignored-untracked","1775","delete","<deleted>"
".next/dev/static/webpack/app/layout.30159de4a222f38c.hot-update.js","ignored-untracked","1775","delete","<deleted>"
".next/dev/static/webpack/app/layout.3132f6e6077326f1.hot-update.js","ignored-untracked","1775","delete","<deleted>"
".next/dev/static/webpack/app/layout.37f62effc4eba113.hot-update.js","ignored-untracked","1775","delete","<deleted>"
".next/dev/static/webpack/app/layout.398bb6829b56c19f.hot-update.js","ignored-untracked","1775","delete","<deleted>"
".next/dev/static/webpack/app/layout.3be98a09e667da19.hot-update.js","ignored-untracked","1775","delete","<deleted>"
".next/dev/static/webpack/app/layout.3f5468b1bedac591.hot-update.js","ignored-untracked","1775","delete","<deleted>"
".next/dev/static/webpack/app/layout.40ac6208e1ba8430.hot-update.js","ignored-untracked","1775","delete","<deleted>"
".next/dev/static/webpack/app/layout.40b7900455444a9d.hot-update.js","ignored-untracked","1775","delete","<deleted>"
".next/dev/static/webpack/app/layout.4194223038313e42.hot-update.js","ignored-untracked","1775","delete","<deleted>"
".next/dev/static/webpack/app/layout.489438d6490c71d0.hot-update.js","ignored-untracked","1775","delete","<deleted>"
".next/dev/static/webpack/app/layout.499cf04f22b9d1cc.hot-update.js","ignored-untracked","1775","delete","<deleted>"
".next/dev/static/webpack/app/layout.4e688e02a4bb85ed.hot-update.js","ignored-untracked","1775","delete","<deleted>"
".next/dev/static/webpack/app/layout.5648592eaca9ab6d.hot-update.js","ignored-untracked","1775","delete","<deleted>"
".next/dev/static/webpack/app/layout.5c4cdbead2fc6f25.hot-update.js","ignored-untracked","1775","delete","<deleted>"
".next/dev/static/webpack/app/layout.5ecb885fb64b8dce.hot-update.js","ignored-untracked","1775","delete","<deleted>"
".next/dev/static/webpack/app/layout.65a16f55ffa34070.hot-update.js","ignored-untracked","1775","delete","<deleted>"
".next/dev/static/webpack/app/layout.6a04d6272b504da4.hot-update.js","ignored-untracked","1775","delete","<deleted>"
".next/dev/static/webpack/app/layout.6e62b97f5ced23b0.hot-update.js","ignored-untracked","1775","delete","<deleted>"
".next/dev/static/webpack/app/layout.7b60d71e2369c6c9.hot-update.js","ignored-untracked","1775","delete","<deleted>"
".next/dev/static/webpack/app/layout.7d5e0d27ac251f39.hot-update.js","ignored-untracked","1775","delete","<deleted>"
".next/dev/static/webpack/app/layout.833e097095e8a970.hot-update.js","ignored-untracked","1775","delete","<deleted>"
".next/dev/static/webpack/app/layout.866767b605ea0f5c.hot-update.js","ignored-untracked","1775","delete","<deleted>"
".next/dev/static/webpack/app/layout.8abb6a4206e0249f.hot-update.js","ignored-untracked","1775","delete","<deleted>"
".next/dev/static/webpack/app/layout.8d406730ccbda751.hot-update.js","ignored-untracked","1775","delete","<deleted>"
".next/dev/static/webpack/app/layout.8ddf52f005479828.hot-update.js","ignored-untracked","1775","delete","<deleted>"
".next/dev/static/webpack/app/layout.90c3d7fab79920d7.hot-update.js","ignored-untracked","1775","delete","<deleted>"
".next/dev/static/webpack/app/layout.91e3ee13d8c98d37.hot-update.js","ignored-untracked","1775","delete","<deleted>"
".next/dev/static/webpack/app/layout.9b1100cf8bfa62e7.hot-update.js","ignored-untracked","1775","delete","<deleted>"
".next/dev/static/webpack/app/layout.9e6464c6e9f13228.hot-update.js","ignored-untracked","1775","delete","<deleted>"
".next/dev/static/webpack/app/layout.9ea59b9d91c0c8a7.hot-update.js","ignored-untracked","1775","delete","<deleted>"
".next/dev/static/webpack/app/layout.a92286b416e25de7.hot-update.js","ignored-untracked","1775","delete","<deleted>"
".next/dev/static/webpack/app/layout.aa9aaa4fe7120e5e.hot-update.js","ignored-untracked","1775","delete","<deleted>"
".next/dev/static/webpack/app/layout.b09ac9cdfaffc37f.hot-update.js","ignored-untracked","1775","delete","<deleted>"
".next/dev/static/webpack/app/layout.b1ce140b17a2c7df.hot-update.js","ignored-untracked","1775","delete","<deleted>"
".next/dev/static/webpack/app/layout.b43a35ec559168e9.hot-update.js","ignored-untracked","1775","delete","<deleted>"
".next/dev/static/webpack/app/layout.b7a3c1f7690ec714.hot-update.js","ignored-untracked","1775","delete","<deleted>"
".next/dev/static/webpack/app/layout.be32a6109d5d9df1.hot-update.js","ignored-untracked","1775","delete","<deleted>"
".next/dev/static/webpack/app/layout.c0615f3e0c655eeb.hot-update.js","ignored-untracked","1775","delete","<deleted>"
".next/dev/static/webpack/app/layout.c146d0862040bf11.hot-update.js","ignored-untracked","1775","delete","<deleted>"
".next/dev/static/webpack/app/layout.c56669435852814d.hot-update.js","ignored-untracked","1775","delete","<deleted>"
".next/dev/static/webpack/app/layout.c773489da2ba60dc.hot-update.js","ignored-untracked","1775","delete","<deleted>"
".next/dev/static/webpack/app/layout.cab2b68ae44c09ef.hot-update.js","ignored-untracked","1775","delete","<deleted>"
".next/dev/static/webpack/app/layout.cb369fd0792fbff7.hot-update.js","ignored-untracked","1775","delete","<deleted>"
".next/dev/static/webpack/app/layout.ce13882df3fd2181.hot-update.js","ignored-untracked","1775","delete","<deleted>"
".next/dev/static/webpack/app/layout.d1a267555b9d4259.hot-update.js","ignored-untracked","1775","delete","<deleted>"
".next/dev/static/webpack/app/layout.d8c9e17ab788137f.hot-update.js","ignored-untracked","1775","delete","<deleted>"
".next/dev/static/webpack/app/layout.e409c0656bcf7f30.hot-update.js","ignored-untracked","1775","delete","<deleted>"
".next/dev/static/webpack/app/layout.e74e9d4be7f767da.hot-update.js","ignored-untracked","1775","delete","<deleted>"
".next/dev/static/webpack/app/layout.e7ba97bd1ab76510.hot-update.js","ignored-untracked","1775","delete","<deleted>"
".next/dev/static/webpack/app/layout.ea25f77ca6187e0f.hot-update.js","ignored-untracked","1775","delete","<deleted>"
".next/dev/static/webpack/app/layout.eff1453f1d923aa5.hot-update.js","ignored-untracked","1775","delete","<deleted>"
".next/dev/static/webpack/app/layout.fa27f4e1644a75bc.hot-update.js","ignored-untracked","1775","delete","<deleted>"
".next/dev/static/webpack/b09ac9cdfaffc37f.2019cdc97c5a1fd7.hot-update.json","ignored-untracked","94","delete","<deleted>"
".next/dev/static/webpack/b09ac9cdfaffc37f.webpack.hot-update.json","ignored-untracked","44","delete","<deleted>"
".next/dev/static/webpack/b1ce140b17a2c7df.2019cdc97c5a1fd7.hot-update.json","ignored-untracked","94","delete","<deleted>"
".next/dev/static/webpack/b1ce140b17a2c7df.webpack.hot-update.json","ignored-untracked","44","delete","<deleted>"
".next/dev/static/webpack/b43a35ec559168e9.2019cdc97c5a1fd7.hot-update.json","ignored-untracked","94","delete","<deleted>"
".next/dev/static/webpack/b43a35ec559168e9.webpack.hot-update.json","ignored-untracked","44","delete","<deleted>"
".next/dev/static/webpack/b7a3c1f7690ec714.2019cdc97c5a1fd7.hot-update.json","ignored-untracked","94","delete","<deleted>"
".next/dev/static/webpack/b7a3c1f7690ec714.webpack.hot-update.json","ignored-untracked","73","delete","<deleted>"
".next/dev/static/webpack/be32a6109d5d9df1.2019cdc97c5a1fd7.hot-update.json","ignored-untracked","94","delete","<deleted>"
".next/dev/static/webpack/be32a6109d5d9df1.webpack.hot-update.json","ignored-untracked","44","delete","<deleted>"
".next/dev/static/webpack/c0615f3e0c655eeb.2019cdc97c5a1fd7.hot-update.json","ignored-untracked","94","delete","<deleted>"
".next/dev/static/webpack/c0615f3e0c655eeb.webpack.hot-update.json","ignored-untracked","44","delete","<deleted>"
".next/dev/static/webpack/c146d0862040bf11.2019cdc97c5a1fd7.hot-update.json","ignored-untracked","94","delete","<deleted>"
".next/dev/static/webpack/c146d0862040bf11.webpack.hot-update.json","ignored-untracked","215","delete","<deleted>"
".next/dev/static/webpack/c56669435852814d.2019cdc97c5a1fd7.hot-update.json","ignored-untracked","94","delete","<deleted>"
".next/dev/static/webpack/c56669435852814d.webpack.hot-update.json","ignored-untracked","44","delete","<deleted>"
".next/dev/static/webpack/c773489da2ba60dc.2019cdc97c5a1fd7.hot-update.json","ignored-untracked","94","delete","<deleted>"
".next/dev/static/webpack/c773489da2ba60dc.webpack.hot-update.json","ignored-untracked","44","delete","<deleted>"
".next/dev/static/webpack/cab2b68ae44c09ef.2019cdc97c5a1fd7.hot-update.json","ignored-untracked","94","delete","<deleted>"
".next/dev/static/webpack/cab2b68ae44c09ef.webpack.hot-update.json","ignored-untracked","44","delete","<deleted>"
".next/dev/static/webpack/cb369fd0792fbff7.webpack.hot-update.json","ignored-untracked","44","delete","<deleted>"
".next/dev/static/webpack/ce13882df3fd2181.2019cdc97c5a1fd7.hot-update.json","ignored-untracked","94","delete","<deleted>"
".next/dev/static/webpack/ce13882df3fd2181.webpack.hot-update.json","ignored-untracked","44","delete","<deleted>"
".next/dev/static/webpack/d087913c1ee30e10.2019cdc97c5a1fd7.hot-update.json","ignored-untracked","94","delete","<deleted>"
".next/dev/static/webpack/d087913c1ee30e10.webpack.hot-update.json","ignored-untracked","31","delete","<deleted>"
".next/dev/static/webpack/d1a267555b9d4259.2019cdc97c5a1fd7.hot-update.json","ignored-untracked","94","delete","<deleted>"
".next/dev/static/webpack/d1a267555b9d4259.webpack.hot-update.json","ignored-untracked","44","delete","<deleted>"
".next/dev/static/webpack/d8c9e17ab788137f.2019cdc97c5a1fd7.hot-update.json","ignored-untracked","94","delete","<deleted>"
".next/dev/static/webpack/d8c9e17ab788137f.webpack.hot-update.json","ignored-untracked","44","delete","<deleted>"
".next/dev/static/webpack/daee2a02a32197f2.webpack.hot-update.json","ignored-untracked","31","delete","<deleted>"
".next/dev/static/webpack/e409c0656bcf7f30.2019cdc97c5a1fd7.hot-update.json","ignored-untracked","94","delete","<deleted>"
".next/dev/static/webpack/e409c0656bcf7f30.webpack.hot-update.json","ignored-untracked","73","delete","<deleted>"
".next/dev/static/webpack/e74e9d4be7f767da.2019cdc97c5a1fd7.hot-update.json","ignored-untracked","94","delete","<deleted>"
".next/dev/static/webpack/e74e9d4be7f767da.webpack.hot-update.json","ignored-untracked","73","delete","<deleted>"
".next/dev/static/webpack/e7ba97bd1ab76510.2019cdc97c5a1fd7.hot-update.json","ignored-untracked","94","delete","<deleted>"
".next/dev/static/webpack/e7ba97bd1ab76510.webpack.hot-update.json","ignored-untracked","73","delete","<deleted>"
".next/dev/static/webpack/ea25f77ca6187e0f.webpack.hot-update.json","ignored-untracked","44","delete","<deleted>"
".next/dev/static/webpack/ebc6cd0def1e4451.webpack.hot-update.json","ignored-untracked","31","delete","<deleted>"
".next/dev/static/webpack/eff1453f1d923aa5.2019cdc97c5a1fd7.hot-update.json","ignored-untracked","94","delete","<deleted>"
".next/dev/static/webpack/eff1453f1d923aa5.webpack.hot-update.json","ignored-untracked","44","delete","<deleted>"
".next/dev/static/webpack/fa27f4e1644a75bc.2019cdc97c5a1fd7.hot-update.json","ignored-untracked","94","delete","<deleted>"
".next/dev/static/webpack/fa27f4e1644a75bc.webpack.hot-update.json","ignored-untracked","73","delete","<deleted>"
".next/dev/static/webpack/webpack.0659fff773ba113c.hot-update.js","ignored-untracked","1157","delete","<deleted>"
".next/dev/static/webpack/webpack.0def90949211790c.hot-update.js","ignored-untracked","1157","delete","<deleted>"
".next/dev/static/webpack/webpack.142cbe71ed145570.hot-update.js","ignored-untracked","1157","delete","<deleted>"
".next/dev/static/webpack/webpack.15d84ada7ff653f4.hot-update.js","ignored-untracked","1157","delete","<deleted>"
".next/dev/static/webpack/webpack.1c786527ed152c3f.hot-update.js","ignored-untracked","1157","delete","<deleted>"
".next/dev/static/webpack/webpack.1eabce830ccee024.hot-update.js","ignored-untracked","1157","delete","<deleted>"
".next/dev/static/webpack/webpack.29f4cc33caa1364c.hot-update.js","ignored-untracked","1157","delete","<deleted>"
".next/dev/static/webpack/webpack.2f4c0dc89703bc04.hot-update.js","ignored-untracked","1157","delete","<deleted>"
".next/dev/static/webpack/webpack.30159de4a222f38c.hot-update.js","ignored-untracked","1157","delete","<deleted>"
".next/dev/static/webpack/webpack.3132f6e6077326f1.hot-update.js","ignored-untracked","1157","delete","<deleted>"
".next/dev/static/webpack/webpack.37f62effc4eba113.hot-update.js","ignored-untracked","1157","delete","<deleted>"
".next/dev/static/webpack/webpack.398bb6829b56c19f.hot-update.js","ignored-untracked","1157","delete","<deleted>"
".next/dev/static/webpack/webpack.3be98a09e667da19.hot-update.js","ignored-untracked","1157","delete","<deleted>"
".next/dev/static/webpack/webpack.3f5468b1bedac591.hot-update.js","ignored-untracked","1157","delete","<deleted>"
".next/dev/static/webpack/webpack.40ac6208e1ba8430.hot-update.js","ignored-untracked","1157","delete","<deleted>"
".next/dev/static/webpack/webpack.40b7900455444a9d.hot-update.js","ignored-untracked","1157","delete","<deleted>"
".next/dev/static/webpack/webpack.4194223038313e42.hot-update.js","ignored-untracked","1157","delete","<deleted>"
".next/dev/static/webpack/webpack.489438d6490c71d0.hot-update.js","ignored-untracked","1157","delete","<deleted>"
".next/dev/static/webpack/webpack.490cb52a83297f93.hot-update.js","ignored-untracked","1157","delete","<deleted>"
".next/dev/static/webpack/webpack.499cf04f22b9d1cc.hot-update.js","ignored-untracked","1157","delete","<deleted>"
".next/dev/static/webpack/webpack.4e688e02a4bb85ed.hot-update.js","ignored-untracked","1157","delete","<deleted>"
".next/dev/static/webpack/webpack.5648592eaca9ab6d.hot-update.js","ignored-untracked","1157","delete","<deleted>"
".next/dev/static/webpack/webpack.5c4cdbead2fc6f25.hot-update.js","ignored-untracked","1157","delete","<deleted>"
".next/dev/static/webpack/webpack.5ecb885fb64b8dce.hot-update.js","ignored-untracked","1157","delete","<deleted>"
".next/dev/static/webpack/webpack.65a16f55ffa34070.hot-update.js","ignored-untracked","1157","delete","<deleted>"
".next/dev/static/webpack/webpack.6a04d6272b504da4.hot-update.js","ignored-untracked","1157","delete","<deleted>"
".next/dev/static/webpack/webpack.6e62b97f5ced23b0.hot-update.js","ignored-untracked","1157","delete","<deleted>"
".next/dev/static/webpack/webpack.7ad2a93d89cc8d61.hot-update.js","ignored-untracked","1459","delete","<deleted>"
".next/dev/static/webpack/webpack.7b60d71e2369c6c9.hot-update.js","ignored-untracked","1157","delete","<deleted>"
".next/dev/static/webpack/webpack.7d5e0d27ac251f39.hot-update.js","ignored-untracked","1157","delete","<deleted>"
".next/dev/static/webpack/webpack.833e097095e8a970.hot-update.js","ignored-untracked","1157","delete","<deleted>"
".next/dev/static/webpack/webpack.85d01af3557ffe92.hot-update.js","ignored-untracked","1157","delete","<deleted>"
".next/dev/static/webpack/webpack.866767b605ea0f5c.hot-update.js","ignored-untracked","1157","delete","<deleted>"
".next/dev/static/webpack/webpack.86aa68ce8d11661c.hot-update.js","ignored-untracked","1157","delete","<deleted>"
".next/dev/static/webpack/webpack.8abb6a4206e0249f.hot-update.js","ignored-untracked","1157","delete","<deleted>"
".next/dev/static/webpack/webpack.8d406730ccbda751.hot-update.js","ignored-untracked","1157","delete","<deleted>"
".next/dev/static/webpack/webpack.8ddf52f005479828.hot-update.js","ignored-untracked","1157","delete","<deleted>"
".next/dev/static/webpack/webpack.90c3d7fab79920d7.hot-update.js","ignored-untracked","1157","delete","<deleted>"
".next/dev/static/webpack/webpack.91e3ee13d8c98d37.hot-update.js","ignored-untracked","1157","delete","<deleted>"
".next/dev/static/webpack/webpack.9b1100cf8bfa62e7.hot-update.js","ignored-untracked","1157","delete","<deleted>"
".next/dev/static/webpack/webpack.9e6464c6e9f13228.hot-update.js","ignored-untracked","1157","delete","<deleted>"
".next/dev/static/webpack/webpack.9ea59b9d91c0c8a7.hot-update.js","ignored-untracked","1157","delete","<deleted>"
".next/dev/static/webpack/webpack.a92286b416e25de7.hot-update.js","ignored-untracked","1157","delete","<deleted>"
".next/dev/static/webpack/webpack.aa9aaa4fe7120e5e.hot-update.js","ignored-untracked","1157","delete","<deleted>"
".next/dev/static/webpack/webpack.b09ac9cdfaffc37f.hot-update.js","ignored-untracked","1157","delete","<deleted>"
".next/dev/static/webpack/webpack.b1ce140b17a2c7df.hot-update.js","ignored-untracked","1157","delete","<deleted>"
".next/dev/static/webpack/webpack.b43a35ec559168e9.hot-update.js","ignored-untracked","1157","delete","<deleted>"
".next/dev/static/webpack/webpack.b7a3c1f7690ec714.hot-update.js","ignored-untracked","1157","delete","<deleted>"
".next/dev/static/webpack/webpack.be32a6109d5d9df1.hot-update.js","ignored-untracked","1157","delete","<deleted>"
".next/dev/static/webpack/webpack.c0615f3e0c655eeb.hot-update.js","ignored-untracked","1157","delete","<deleted>"
".next/dev/static/webpack/webpack.c146d0862040bf11.hot-update.js","ignored-untracked","1157","delete","<deleted>"
".next/dev/static/webpack/webpack.c56669435852814d.hot-update.js","ignored-untracked","1157","delete","<deleted>"
".next/dev/static/webpack/webpack.c773489da2ba60dc.hot-update.js","ignored-untracked","1157","delete","<deleted>"
".next/dev/static/webpack/webpack.cab2b68ae44c09ef.hot-update.js","ignored-untracked","1157","delete","<deleted>"
".next/dev/static/webpack/webpack.cb369fd0792fbff7.hot-update.js","ignored-untracked","1157","delete","<deleted>"
".next/dev/static/webpack/webpack.ce13882df3fd2181.hot-update.js","ignored-untracked","1157","delete","<deleted>"
".next/dev/static/webpack/webpack.d087913c1ee30e10.hot-update.js","ignored-untracked","1157","delete","<deleted>"
".next/dev/static/webpack/webpack.d1a267555b9d4259.hot-update.js","ignored-untracked","1157","delete","<deleted>"
".next/dev/static/webpack/webpack.d8c9e17ab788137f.hot-update.js","ignored-untracked","1157","delete","<deleted>"
".next/dev/static/webpack/webpack.daee2a02a32197f2.hot-update.js","ignored-untracked","63448","delete","<deleted>"
".next/dev/static/webpack/webpack.e409c0656bcf7f30.hot-update.js","ignored-untracked","1157","delete","<deleted>"
".next/dev/static/webpack/webpack.e74e9d4be7f767da.hot-update.js","ignored-untracked","1157","delete","<deleted>"
".next/dev/static/webpack/webpack.e7ba97bd1ab76510.hot-update.js","ignored-untracked","1157","delete","<deleted>"
".next/dev/static/webpack/webpack.ea25f77ca6187e0f.hot-update.js","ignored-untracked","1157","delete","<deleted>"
".next/dev/static/webpack/webpack.ebc6cd0def1e4451.hot-update.js","ignored-untracked","1157","delete","<deleted>"
".next/dev/static/webpack/webpack.eff1453f1d923aa5.hot-update.js","ignored-untracked","1157","delete","<deleted>"
".next/dev/static/webpack/webpack.fa27f4e1644a75bc.hot-update.js","ignored-untracked","1157","delete","<deleted>"
".next/dev/trace","ignored-untracked","4811972","delete","<deleted>"
".next/dev/types/app/(auth)/login/page.ts","ignored-untracked","3908","delete","<deleted>"
".next/dev/types/app/(dashboard)/home/page.ts","ignored-untracked","3920","delete","<deleted>"
".next/dev/types/app/(dashboard)/layout.ts","ignored-untracked","3911","delete","<deleted>"
".next/dev/types/app/(dashboard)/users/page.ts","ignored-untracked","3923","delete","<deleted>"
".next/dev/types/app/api/auth/[...nextauth]/route.ts","ignored-untracked","8963","delete","<deleted>"
".next/dev/types/app/api/chat/stream/route.ts","ignored-untracked","8942","delete","<deleted>"
".next/dev/types/app/api/events/trello/route.ts","ignored-untracked","8948","delete","<deleted>"
".next/dev/types/app/api/events/users/route.ts","ignored-untracked","8945","delete","<deleted>"
".next/dev/types/app/api/trpc/[trpc]/route.ts","ignored-untracked","8942","delete","<deleted>"
".next/dev/types/app/layout.ts","ignored-untracked","3869","delete","<deleted>"
".next/dev/types/app/page.ts","ignored-untracked","3857","delete","<deleted>"
".next/dev/types/cache-life.d.ts","ignored-untracked","5854","delete","<deleted>"
".next/dev/types/package.json","ignored-untracked","18","delete","<deleted>"
".next/dev/types/routes.d.ts","ignored-untracked","3667","delete","<deleted>"
".next/dev/types/validator.ts","ignored-untracked","15654","delete","<deleted>"
".next/diagnostics/build-diagnostics.json","ignored-untracked","90","delete","<deleted>"
".next/diagnostics/framework.json","ignored-untracked","37","delete","<deleted>"
".next/lock","ignored-untracked","0","delete","<deleted>"
".next/package.json","ignored-untracked","20","delete","<deleted>"
".next/react-loadable-manifest.json","ignored-untracked","19721","delete","<deleted>"
".next/server/app/(auth)/forgot-password/page.js","ignored-untracked","27716","delete","<deleted>"
".next/server/app/(auth)/forgot-password/page.js.nft.json","ignored-untracked","270","delete","<deleted>"
".next/server/app/(auth)/forgot-password/page_client-reference-manifest.js","ignored-untracked","36991","delete","<deleted>"
".next/server/app/(auth)/login/page.js","ignored-untracked","34945","delete","<deleted>"
".next/server/app/(auth)/login/page.js.nft.json","ignored-untracked","296","delete","<deleted>"
".next/server/app/(auth)/login/page_client-reference-manifest.js","ignored-untracked","37007","delete","<deleted>"
".next/server/app/(auth)/register/page.js","ignored-untracked","36466","delete","<deleted>"
".next/server/app/(auth)/register/page.js.nft.json","ignored-untracked","326","delete","<deleted>"
".next/server/app/(auth)/register/page_client-reference-manifest.js","ignored-untracked","37229","delete","<deleted>"
".next/server/app/(auth)/reset-password/page.js","ignored-untracked","28681","delete","<deleted>"
".next/server/app/(auth)/reset-password/page.js.nft.json","ignored-untracked","270","delete","<deleted>"
".next/server/app/(auth)/reset-password/page_client-reference-manifest.js","ignored-untracked","36988","delete","<deleted>"
".next/server/app/(auth)/unauthorized/page.js","ignored-untracked","310228","delete","<deleted>"
".next/server/app/(auth)/unauthorized/page.js.nft.json","ignored-untracked","430","delete","<deleted>"
".next/server/app/(auth)/unauthorized/page_client-reference-manifest.js","ignored-untracked","49747","delete","<deleted>"
".next/server/app/(dashboard)/account/setup/page.js","ignored-untracked","29471","delete","<deleted>"
".next/server/app/(dashboard)/account/setup/page.js.nft.json","ignored-untracked","756","delete","<deleted>"
".next/server/app/(dashboard)/account/setup/page_client-reference-manifest.js","ignored-untracked","36909","delete","<deleted>"
".next/server/app/(dashboard)/clash-detection/page.js","ignored-untracked","26149","delete","<deleted>"
".next/server/app/(dashboard)/clash-detection/page.js.nft.json","ignored-untracked","761","delete","<deleted>"
".next/server/app/(dashboard)/clash-detection/page_client-reference-manifest.js","ignored-untracked","37173","delete","<deleted>"
".next/server/app/(dashboard)/exam/page.js","ignored-untracked","46074","delete","<deleted>"
".next/server/app/(dashboard)/exam/page.js.nft.json","ignored-untracked","736","delete","<deleted>"
".next/server/app/(dashboard)/exam/page_client-reference-manifest.js","ignored-untracked","37294","delete","<deleted>"
".next/server/app/(dashboard)/families/page.js","ignored-untracked","91575","delete","<deleted>"
".next/server/app/(dashboard)/families/page.js.nft.json","ignored-untracked","787","delete","<deleted>"
".next/server/app/(dashboard)/families/page_client-reference-manifest.js","ignored-untracked","37410","delete","<deleted>"
".next/server/app/(dashboard)/home/page.js","ignored-untracked","43824","delete","<deleted>"
".next/server/app/(dashboard)/home/page.js.nft.json","ignored-untracked","714","delete","<deleted>"
".next/server/app/(dashboard)/home/page_client-reference-manifest.js","ignored-untracked","37152","delete","<deleted>"
".next/server/app/(dashboard)/lod-checker/page.js","ignored-untracked","78467","delete","<deleted>"
".next/server/app/(dashboard)/lod-checker/page.js.nft.json","ignored-untracked","710","delete","<deleted>"
".next/server/app/(dashboard)/lod-checker/page_client-reference-manifest.js","ignored-untracked","37109","delete","<deleted>"
".next/server/app/(dashboard)/page.js","ignored-untracked","22740","delete","<deleted>"
".next/server/app/(dashboard)/page.js.nft.json","ignored-untracked","227","delete","<deleted>"
".next/server/app/(dashboard)/settings/users/page.js","ignored-untracked","59086","delete","<deleted>"
".next/server/app/(dashboard)/settings/users/page.js.nft.json","ignored-untracked","814","delete","<deleted>"
".next/server/app/(dashboard)/settings/users/page_client-reference-manifest.js","ignored-untracked","37346","delete","<deleted>"
".next/server/app/(dashboard)/sim-automation/page.js","ignored-untracked","26134","delete","<deleted>"
".next/server/app/(dashboard)/sim-automation/page.js.nft.json","ignored-untracked","761","delete","<deleted>"
".next/server/app/(dashboard)/sim-automation/page_client-reference-manifest.js","ignored-untracked","37169","delete","<deleted>"
".next/server/app/(dashboard)/sync-center/page.js","ignored-untracked","34799","delete","<deleted>"
".next/server/app/(dashboard)/sync-center/page.js.nft.json","ignored-untracked","714","delete","<deleted>"
".next/server/app/(dashboard)/sync-center/page_client-reference-manifest.js","ignored-untracked","36900","delete","<deleted>"
".next/server/app/(dashboard)/tasks/page.js","ignored-untracked","43614","delete","<deleted>"
".next/server/app/(dashboard)/tasks/page.js.nft.json","ignored-untracked","736","delete","<deleted>"
".next/server/app/(dashboard)/tasks/page_client-reference-manifest.js","ignored-untracked","37299","delete","<deleted>"
".next/server/app/(dashboard)/trello/page.js","ignored-untracked","56468","delete","<deleted>"
".next/server/app/(dashboard)/trello/page.js.nft.json","ignored-untracked","736","delete","<deleted>"
".next/server/app/(dashboard)/trello/page_client-reference-manifest.js","ignored-untracked","37304","delete","<deleted>"
".next/server/app/(dashboard)/users/dashboard/page.js","ignored-untracked","25165","delete","<deleted>"
".next/server/app/(dashboard)/users/dashboard/page.js.nft.json","ignored-untracked","789","delete","<deleted>"
".next/server/app/(dashboard)/users/dashboard/page_client-reference-manifest.js","ignored-untracked","37949","delete","<deleted>"
".next/server/app/(dashboard)/users/page.js","ignored-untracked","332854","delete","<deleted>"
".next/server/app/(dashboard)/users/page.js.nft.json","ignored-untracked","844","delete","<deleted>"
".next/server/app/(dashboard)/users/page_client-reference-manifest.js","ignored-untracked","37872","delete","<deleted>"
".next/server/app/_global-error/page.js","ignored-untracked","28388","delete","<deleted>"
".next/server/app/_global-error/page.js.nft.json","ignored-untracked","154","delete","<deleted>"
".next/server/app/_global-error/page_client-reference-manifest.js","ignored-untracked","36710","delete","<deleted>"
".next/server/app/_not-found/page.js","ignored-untracked","25809","delete","<deleted>"
".next/server/app/_not-found/page.js.nft.json","ignored-untracked","177","delete","<deleted>"
".next/server/app/_not-found/page_client-reference-manifest.js","ignored-untracked","36704","delete","<deleted>"
".next/server/app/api/ai/generate-description/route.js","ignored-untracked","9829","delete","<deleted>"
".next/server/app/api/ai/generate-description/route.js.nft.json","ignored-untracked","329","delete","<deleted>"
".next/server/app/api/ai/generate-description/route_client-reference-manifest.js","ignored-untracked","362","delete","<deleted>"
".next/server/app/api/auth/[...nextauth]/route.js","ignored-untracked","8387","delete","<deleted>"
".next/server/app/api/auth/[...nextauth]/route.js.nft.json","ignored-untracked","300","delete","<deleted>"
".next/server/app/api/auth/[...nextauth]/route_client-reference-manifest.js","ignored-untracked","352","delete","<deleted>"
".next/server/app/api/auth/callback/trello/route.js","ignored-untracked","9398","delete","<deleted>"
".next/server/app/api/auth/callback/trello/route.js.nft.json","ignored-untracked","324","delete","<deleted>"
".next/server/app/api/auth/callback/trello/route_client-reference-manifest.js","ignored-untracked","357","delete","<deleted>"
".next/server/app/api/chat/media/route.js","ignored-untracked","14092","delete","<deleted>"
".next/server/app/api/chat/media/route.js.nft.json","ignored-untracked","300","delete","<deleted>"
".next/server/app/api/chat/media/route_client-reference-manifest.js","ignored-untracked","336","delete","<deleted>"
".next/server/app/api/chat/stream/route.js","ignored-untracked","9966","delete","<deleted>"
".next/server/app/api/chat/stream/route.js.nft.json","ignored-untracked","329","delete","<deleted>"
".next/server/app/api/chat/stream/route_client-reference-manifest.js","ignored-untracked","338","delete","<deleted>"
".next/server/app/api/chat/upload/route.js","ignored-untracked","11778","delete","<deleted>"
".next/server/app/api/chat/upload/route.js.nft.json","ignored-untracked","300","delete","<deleted>"
".next/server/app/api/chat/upload/route_client-reference-manifest.js","ignored-untracked","338","delete","<deleted>"
".next/server/app/api/clash-updates/route.js","ignored-untracked","8619","delete","<deleted>"
".next/server/app/api/clash-updates/route.js.nft.json","ignored-untracked","146","delete","<deleted>"
".next/server/app/api/clash-updates/route_client-reference-manifest.js","ignored-untracked","341","delete","<deleted>"
".next/server/app/api/connect/[provider]/route.js","ignored-untracked","15891","delete","<deleted>"
".next/server/app/api/connect/[provider]/route.js.nft.json","ignored-untracked","213","delete","<deleted>"
".next/server/app/api/connect/[provider]/route_client-reference-manifest.js","ignored-untracked","714","delete","<deleted>"
".next/server/app/api/connect/trello/route.js","ignored-untracked","8914","delete","<deleted>"
".next/server/app/api/connect/trello/route.js.nft.json","ignored-untracked","300","delete","<deleted>"
".next/server/app/api/connect/trello/route_client-reference-manifest.js","ignored-untracked","344","delete","<deleted>"
".next/server/app/api/debug/auth/route.js","ignored-untracked","9031","delete","<deleted>"
".next/server/app/api/debug/auth/route.js.nft.json","ignored-untracked","300","delete","<deleted>"
".next/server/app/api/debug/auth/route_client-reference-manifest.js","ignored-untracked","336","delete","<deleted>"
".next/server/app/api/events/trello/route.js","ignored-untracked","8621","delete","<deleted>"
".next/server/app/api/events/trello/route.js.nft.json","ignored-untracked","155","delete","<deleted>"
".next/server/app/api/events/trello/route_client-reference-manifest.js","ignored-untracked","342","delete","<deleted>"
".next/server/app/api/events/users/route.js","ignored-untracked","8580","delete","<deleted>"
".next/server/app/api/events/users/route.js.nft.json","ignored-untracked","155","delete","<deleted>"
".next/server/app/api/events/users/route_client-reference-manifest.js","ignored-untracked","340","delete","<deleted>"
".next/server/app/api/gmail/attachment/route.js","ignored-untracked","12102","delete","<deleted>"
".next/server/app/api/gmail/attachment/route.js.nft.json","ignored-untracked","329","delete","<deleted>"
".next/server/app/api/gmail/attachment/route_client-reference-manifest.js","ignored-untracked","348","delete","<deleted>"
".next/server/app/api/health/route.js","ignored-untracked","10671","delete","<deleted>"
".next/server/app/api/health/route.js.nft.json","ignored-untracked","198","delete","<deleted>"
".next/server/app/api/health/route_client-reference-manifest.js","ignored-untracked","327","delete","<deleted>"
".next/server/app/api/lod-img/[fileId]/route.js","ignored-untracked","11121","delete","<deleted>"
".next/server/app/api/lod-img/[fileId]/route.js.nft.json","ignored-untracked","213","delete","<deleted>"
".next/server/app/api/lod-img/[fileId]/route_client-reference-manifest.js","ignored-untracked","348","delete","<deleted>"
".next/server/app/api/sim-updates/route.js","ignored-untracked","8609","delete","<deleted>"
".next/server/app/api/sim-updates/route.js.nft.json","ignored-untracked","146","delete","<deleted>"
".next/server/app/api/sim-updates/route_client-reference-manifest.js","ignored-untracked","337","delete","<deleted>"
".next/server/app/api/trpc/[trpc]/route.js","ignored-untracked","37489","delete","<deleted>"
".next/server/app/api/trpc/[trpc]/route.js.nft.json","ignored-untracked","651","delete","<deleted>"
".next/server/app/api/trpc/[trpc]/route_client-reference-manifest.js","ignored-untracked","338","delete","<deleted>"
".next/server/app/api/uploadthing/route.js","ignored-untracked","9791","delete","<deleted>"
".next/server/app/api/uploadthing/route.js.nft.json","ignored-untracked","302","delete","<deleted>"
".next/server/app/api/uploadthing/route_client-reference-manifest.js","ignored-untracked","337","delete","<deleted>"
".next/server/app/api/wiki-collab-token/route.js","ignored-untracked","9631","delete","<deleted>"
".next/server/app/api/wiki-collab-token/route.js.nft.json","ignored-untracked","302","delete","<deleted>"
".next/server/app/api/wiki-collab-token/route_client-reference-manifest.js","ignored-untracked","349","delete","<deleted>"
".next/server/app/api/wiki-media/[id]/route.js","ignored-untracked","15631","delete","<deleted>"
".next/server/app/api/wiki-media/[id]/route.js.nft.json","ignored-untracked","300","delete","<deleted>"
".next/server/app/api/wiki-media/[id]/route_client-reference-manifest.js","ignored-untracked","346","delete","<deleted>"
".next/server/app/api/wiki-media/route.js","ignored-untracked","16039","delete","<deleted>"
".next/server/app/api/wiki-media/route.js.nft.json","ignored-untracked","276","delete","<deleted>"
".next/server/app/api/wiki-media/route_client-reference-manifest.js","ignored-untracked","335","delete","<deleted>"
".next/server/app/favicon.ico/route.js","ignored-untracked","43968","delete","<deleted>"
".next/server/app/favicon.ico/route.js.nft.json","ignored-untracked","123","delete","<deleted>"
".next/server/app/page.js","ignored-untracked","22713","delete","<deleted>"
".next/server/app/page.js.nft.json","ignored-untracked","206","delete","<deleted>"
".next/server/app/page_client-reference-manifest.js","ignored-untracked","36645","delete","<deleted>"
".next/server/app-paths-manifest.json","ignored-untracked","2846","delete","<deleted>"
".next/server/chunks/1298.js","ignored-untracked","125","delete","<deleted>"
".next/server/chunks/1687.js","ignored-untracked","10531","delete","<deleted>"
".next/server/chunks/1695.js","ignored-untracked","148887","delete","<deleted>"
".next/server/chunks/1998.js","ignored-untracked","17395","delete","<deleted>"
".next/server/chunks/2045.js","ignored-untracked","16846","delete","<deleted>"
".next/server/chunks/2131.js","ignored-untracked","678870","delete","<deleted>"
".next/server/chunks/2268.js","ignored-untracked","192985","delete","<deleted>"
".next/server/chunks/2394.js","ignored-untracked","17981","delete","<deleted>"
".next/server/chunks/293.js","ignored-untracked","196370","delete","<deleted>"
".next/server/chunks/3165.js","ignored-untracked","2138","delete","<deleted>"
".next/server/chunks/3184.js","ignored-untracked","14099","delete","<deleted>"
".next/server/chunks/319.js","ignored-untracked","360784","delete","<deleted>"
".next/server/chunks/3404.js","ignored-untracked","9726","delete","<deleted>"
".next/server/chunks/3469.js","ignored-untracked","110020","delete","<deleted>"
".next/server/chunks/3494.js","ignored-untracked","32952","delete","<deleted>"
".next/server/chunks/356.js","ignored-untracked","442845","delete","<deleted>"
".next/server/chunks/3663.js","ignored-untracked","51664","delete","<deleted>"
".next/server/chunks/4046.js","ignored-untracked","65182","delete","<deleted>"
".next/server/chunks/4412.js","ignored-untracked","12661","delete","<deleted>"
".next/server/chunks/4543.js","ignored-untracked","7640","delete","<deleted>"
".next/server/chunks/4741.js","ignored-untracked","151896","delete","<deleted>"
".next/server/chunks/5224.js","ignored-untracked","14128","delete","<deleted>"
".next/server/chunks/5592.js","ignored-untracked","26370","delete","<deleted>"
".next/server/chunks/6155.js","ignored-untracked","10070","delete","<deleted>"
".next/server/chunks/6323.js","ignored-untracked","30962","delete","<deleted>"
".next/server/chunks/6344.js","ignored-untracked","31180","delete","<deleted>"
".next/server/chunks/6468.js","ignored-untracked","2819","delete","<deleted>"
".next/server/chunks/7773.js","ignored-untracked","27316","delete","<deleted>"
".next/server/chunks/7847.js","ignored-untracked","33902","delete","<deleted>"
".next/server/chunks/793.js","ignored-untracked","50958","delete","<deleted>"
".next/server/chunks/8212.js","ignored-untracked","162274","delete","<deleted>"
".next/server/chunks/9068.js","ignored-untracked","28549","delete","<deleted>"
".next/server/chunks/9466.js","ignored-untracked","8002","delete","<deleted>"
".next/server/chunks/9750.js","ignored-untracked","16285","delete","<deleted>"
".next/server/chunks/9778.js","ignored-untracked","125071","delete","<deleted>"
".next/server/chunks/9830.js","ignored-untracked","18568","delete","<deleted>"
".next/server/interception-route-rewrite-manifest.js","ignored-untracked","48","delete","<deleted>"
".next/server/middleware-build-manifest.js","ignored-untracked","450","delete","<deleted>"
".next/server/middleware-manifest.json","ignored-untracked","83","delete","<deleted>"
".next/server/middleware-react-loadable-manifest.js","ignored-untracked","18067","delete","<deleted>"
".next/server/next-font-manifest.js","ignored-untracked","106","delete","<deleted>"
".next/server/next-font-manifest.json","ignored-untracked","77","delete","<deleted>"
".next/server/pages-manifest.json","ignored-untracked","2","delete","<deleted>"
".next/server/server-reference-manifest.js","ignored-untracked","123","delete","<deleted>"
".next/server/server-reference-manifest.json","ignored-untracked","84","delete","<deleted>"
".next/server/webpack-runtime.js","ignored-untracked","2459","delete","<deleted>"
".next/static/chunks/1035.5a640a997a81814d.js","ignored-untracked","71217","delete","<deleted>"
".next/static/chunks/1061.20b7e9ff8aa49567.js","ignored-untracked","9141","delete","<deleted>"
".next/static/chunks/1180-1f28e9d704bdc7c3.js","ignored-untracked","20265","delete","<deleted>"
".next/static/chunks/1413-152b087c02ab8246.js","ignored-untracked","222757","delete","<deleted>"
".next/static/chunks/1464-b772e78b797edea3.js","ignored-untracked","25390","delete","<deleted>"
".next/static/chunks/146-ac0693199bd4b232.js","ignored-untracked","10800","delete","<deleted>"
".next/static/chunks/1530.7544ac2ce48415bc.js","ignored-untracked","446","delete","<deleted>"
".next/static/chunks/1585.95a9b9d4b5f495b6.js","ignored-untracked","11798","delete","<deleted>"
".next/static/chunks/1966.b8f83f7ba376c962.js","ignored-untracked","759","delete","<deleted>"
".next/static/chunks/1983.706b33f653401321.js","ignored-untracked","163820","delete","<deleted>"
".next/static/chunks/1c799662.4a5c70ede2bbbdb8.js","ignored-untracked","192626","delete","<deleted>"
".next/static/chunks/2170a4aa.b4ebdc1894c81e1a.js","ignored-untracked","361305","delete","<deleted>"
".next/static/chunks/2611-85abd9116e8f565b.js","ignored-untracked","7655","delete","<deleted>"
".next/static/chunks/2840.61b7f16b0bb081b2.js","ignored-untracked","558875","delete","<deleted>"
".next/static/chunks/2847.f89835e2f647bd7c.js","ignored-untracked","60358","delete","<deleted>"
".next/static/chunks/2911.207a6e0d76a36b9d.js","ignored-untracked","170920","delete","<deleted>"
".next/static/chunks/2941.341a4f71d04c619a.js","ignored-untracked","95581","delete","<deleted>"
".next/static/chunks/3171.9dd3aacab6ba0db4.js","ignored-untracked","7445","delete","<deleted>"
".next/static/chunks/341.7f16ebabc44255ee.js","ignored-untracked","77","delete","<deleted>"
".next/static/chunks/3534.62e88d269dafceab.js","ignored-untracked","19530","delete","<deleted>"
".next/static/chunks/3580.fe096752bbca423a.js","ignored-untracked","6937","delete","<deleted>"
".next/static/chunks/3730-71adbfd828f5a520.js","ignored-untracked","9964","delete","<deleted>"
".next/static/chunks/3819.cd3c6f4ece796671.js","ignored-untracked","27115","delete","<deleted>"
".next/static/chunks/3899.3f761f7e3a944e8c.js","ignored-untracked","4776","delete","<deleted>"
".next/static/chunks/3953-5d8256c7333bd02a.js","ignored-untracked","11677","delete","<deleted>"
".next/static/chunks/4.c6f80be777ab0691.js","ignored-untracked","32438","delete","<deleted>"
".next/static/chunks/4039.a392442902f4a7ce.js","ignored-untracked","26038","delete","<deleted>"
".next/static/chunks/4075-88fb0b2ab63cd335.js","ignored-untracked","49231","delete","<deleted>"
".next/static/chunks/4108.ca0f2df94fc755a7.js","ignored-untracked","57778","delete","<deleted>"
".next/static/chunks/4286-3d539af6e5686cc2.js","ignored-untracked","119941","delete","<deleted>"
".next/static/chunks/4546.d4cc681136d0627f.js","ignored-untracked","9748","delete","<deleted>"
".next/static/chunks/455a015b.7d8597051fc5338c.js","ignored-untracked","271427","delete","<deleted>"
".next/static/chunks/4688-016f63203885a630.js","ignored-untracked","33300","delete","<deleted>"
".next/static/chunks/4741.015d97c7df7a15ee.js","ignored-untracked","23967","delete","<deleted>"
".next/static/chunks/4816-56446d167efd7d9b.js","ignored-untracked","11904","delete","<deleted>"
".next/static/chunks/4921-0bd77af9f2501e47.js","ignored-untracked","7961","delete","<deleted>"
".next/static/chunks/4bd1b696-e356ca5ba0218e27.js","ignored-untracked","199870","delete","<deleted>"
".next/static/chunks/5120-0ae8a4db33e89f18.js","ignored-untracked","9284","delete","<deleted>"
".next/static/chunks/5214.d08ec99184004448.js","ignored-untracked","25289","delete","<deleted>"
".next/static/chunks/542.f4670328e4902701.js","ignored-untracked","15132","delete","<deleted>"
".next/static/chunks/5470.d7a487fe6c75d14c.js","ignored-untracked","78962","delete","<deleted>"
".next/static/chunks/54a60aa6.ffc9c6deb4bca161.js","ignored-untracked","81084","delete","<deleted>"
".next/static/chunks/5560.d4c3a1ca13cbf27a.js","ignored-untracked","18934","delete","<deleted>"
".next/static/chunks/606.71db9e12fc3d34a6.js","ignored-untracked","127561","delete","<deleted>"
".next/static/chunks/610.fd593adc4100695d.js","ignored-untracked","5779","delete","<deleted>"
".next/static/chunks/6502.d568be1bf967a14c.js","ignored-untracked","25826","delete","<deleted>"
".next/static/chunks/6609-5f743d5c58d6f934.js","ignored-untracked","33595","delete","<deleted>"
".next/static/chunks/6628-be205963934e4630.js","ignored-untracked","12866","delete","<deleted>"
".next/static/chunks/6637.c0625c0c9e5be1d0.js","ignored-untracked","13530","delete","<deleted>"
".next/static/chunks/670.ab36d19a4bbe798b.js","ignored-untracked","204341","delete","<deleted>"
".next/static/chunks/6703-a7507e49d663676c.js","ignored-untracked","33924","delete","<deleted>"
".next/static/chunks/6861-f1d63e35a844d2d4.js","ignored-untracked","12476","delete","<deleted>"
".next/static/chunks/6866-6b2d7a686b5d16f1.js","ignored-untracked","30979","delete","<deleted>"
".next/static/chunks/6868-470591a891b9a941.js","ignored-untracked","78940","delete","<deleted>"
".next/static/chunks/6be7e44c.7fcc88872dd3aac4.js","ignored-untracked","66673","delete","<deleted>"
".next/static/chunks/7077-08e083b3d19f82c2.js","ignored-untracked","11245","delete","<deleted>"
".next/static/chunks/70e0d97a.bbb0ec05083da54f.js","ignored-untracked","96153","delete","<deleted>"
".next/static/chunks/7156-4f52c74896333b49.js","ignored-untracked","121090","delete","<deleted>"
".next/static/chunks/7186-b222f606f3b0629a.js","ignored-untracked","21748","delete","<deleted>"
".next/static/chunks/7195.2748772ee3296bc5.js","ignored-untracked","11869","delete","<deleted>"
".next/static/chunks/7265.8bc3d6468763c10a.js","ignored-untracked","63597","delete","<deleted>"
".next/static/chunks/7783-97fc7fb1e4199bb1.js","ignored-untracked","247482","delete","<deleted>"
".next/static/chunks/790-a4f4353689ba8234.js","ignored-untracked","27342","delete","<deleted>"
".next/static/chunks/7972.0b65203dc34c7e86.js","ignored-untracked","116360","delete","<deleted>"
".next/static/chunks/8104-855c2dd70344b338.js","ignored-untracked","11274","delete","<deleted>"
".next/static/chunks/8366-98cba5d5ca9e3537.js","ignored-untracked","34709","delete","<deleted>"
".next/static/chunks/8436.ab796b7cb47a0836.js","ignored-untracked","4212","delete","<deleted>"
".next/static/chunks/8452.2f92f080e82267b9.js","ignored-untracked","39127","delete","<deleted>"
".next/static/chunks/855.e95c0d6582bb9191.js","ignored-untracked","67559","delete","<deleted>"
".next/static/chunks/9203.0fa036f439327982.js","ignored-untracked","3900","delete","<deleted>"
".next/static/chunks/9462.e965462de94cf3cb.js","ignored-untracked","31665","delete","<deleted>"
".next/static/chunks/9486-76bdcd2c9d88f2cd.js","ignored-untracked","50355","delete","<deleted>"
".next/static/chunks/9727.d0a1fde5775651f0.js","ignored-untracked","2020","delete","<deleted>"
".next/static/chunks/9836-0e717990b82f909d.js","ignored-untracked","14118","delete","<deleted>"
".next/static/chunks/9b0008ae.a0c5fe1f97680a6e.js","ignored-untracked","394487","delete","<deleted>"
".next/static/chunks/app/(auth)/forgot-password/page-842dd1bcb8776579.js","ignored-untracked","3641","delete","<deleted>"
".next/static/chunks/app/(auth)/login/page-d97ae33c0e7784d8.js","ignored-untracked","11690","delete","<deleted>"
".next/static/chunks/app/(auth)/register/page-7f873c91338f66dc.js","ignored-untracked","13043","delete","<deleted>"
".next/static/chunks/app/(auth)/reset-password/page-a47730d1cb8c5b01.js","ignored-untracked","4613","delete","<deleted>"
".next/static/chunks/app/(auth)/unauthorized/page-e406106f374bb04d.js","ignored-untracked","1415","delete","<deleted>"
".next/static/chunks/app/(dashboard)/account/setup/page-9db53218947b0a6b.js","ignored-untracked","4279","delete","<deleted>"
".next/static/chunks/app/(dashboard)/clash-detection/loading-1848aeb879e53df9.js","ignored-untracked","284","delete","<deleted>"
".next/static/chunks/app/(dashboard)/clash-detection/page-5803d865f8773d21.js","ignored-untracked","403","delete","<deleted>"
".next/static/chunks/app/(dashboard)/error-274cd27bdc9e864d.js","ignored-untracked","9589","delete","<deleted>"
".next/static/chunks/app/(dashboard)/exam/loading-c95e90b96c457994.js","ignored-untracked","3700","delete","<deleted>"
".next/static/chunks/app/(dashboard)/exam/page-1751e83037124322.js","ignored-untracked","23057","delete","<deleted>"
".next/static/chunks/app/(dashboard)/families/loading-c95e90b96c457994.js","ignored-untracked","3700","delete","<deleted>"
".next/static/chunks/app/(dashboard)/families/page-e393d8668568db65.js","ignored-untracked","33862","delete","<deleted>"
".next/static/chunks/app/(dashboard)/home/loading-c95e90b96c457994.js","ignored-untracked","3700","delete","<deleted>"
".next/static/chunks/app/(dashboard)/home/page-1fdacf174656ea8c.js","ignored-untracked","8400","delete","<deleted>"
".next/static/chunks/app/(dashboard)/layout-ab3596a77d4ba8dd.js","ignored-untracked","44020","delete","<deleted>"
".next/static/chunks/app/(dashboard)/lod-checker/loading-1848aeb879e53df9.js","ignored-untracked","284","delete","<deleted>"
".next/static/chunks/app/(dashboard)/lod-checker/page-57a4ae8ee62270fa.js","ignored-untracked","42889","delete","<deleted>"
".next/static/chunks/app/(dashboard)/settings/users/loading-c95e90b96c457994.js","ignored-untracked","3700","delete","<deleted>"
".next/static/chunks/app/(dashboard)/settings/users/page-9dc86210cc0b43a8.js","ignored-untracked","34214","delete","<deleted>"
".next/static/chunks/app/(dashboard)/sim-automation/loading-1848aeb879e53df9.js","ignored-untracked","284","delete","<deleted>"
".next/static/chunks/app/(dashboard)/sim-automation/page-0cbd9d3ecfad6166.js","ignored-untracked","398","delete","<deleted>"
".next/static/chunks/app/(dashboard)/sync-center/page-cce067d16d68f313.js","ignored-untracked","11082","delete","<deleted>"
".next/static/chunks/app/(dashboard)/tasks/loading-c95e90b96c457994.js","ignored-untracked","3700","delete","<deleted>"
".next/static/chunks/app/(dashboard)/tasks/page-39d609ac002cb4e9.js","ignored-untracked","20920","delete","<deleted>"
".next/static/chunks/app/(dashboard)/trello/loading-c95e90b96c457994.js","ignored-untracked","3700","delete","<deleted>"
".next/static/chunks/app/(dashboard)/trello/page-517041259ca16de5.js","ignored-untracked","29369","delete","<deleted>"
".next/static/chunks/app/(dashboard)/users/dashboard/page-1848aeb879e53df9.js","ignored-untracked","284","delete","<deleted>"
".next/static/chunks/app/(dashboard)/users/loading-1848aeb879e53df9.js","ignored-untracked","284","delete","<deleted>"
".next/static/chunks/app/(dashboard)/users/page-eff78a6a7b37b27d.js","ignored-untracked","77662","delete","<deleted>"
".next/static/chunks/app/_global-error/page-1848aeb879e53df9.js","ignored-untracked","284","delete","<deleted>"
".next/static/chunks/app/_not-found/page-ff44d0daf2df13af.js","ignored-untracked","2679","delete","<deleted>"
".next/static/chunks/app/api/ai/generate-description/route-1848aeb879e53df9.js","ignored-untracked","284","delete","<deleted>"
".next/static/chunks/app/api/auth/[...nextauth]/route-1848aeb879e53df9.js","ignored-untracked","284","delete","<deleted>"
".next/static/chunks/app/api/auth/callback/trello/route-1848aeb879e53df9.js","ignored-untracked","284","delete","<deleted>"
".next/static/chunks/app/api/chat/media/route-1848aeb879e53df9.js","ignored-untracked","284","delete","<deleted>"
".next/static/chunks/app/api/chat/stream/route-1848aeb879e53df9.js","ignored-untracked","284","delete","<deleted>"
".next/static/chunks/app/api/chat/upload/route-1848aeb879e53df9.js","ignored-untracked","284","delete","<deleted>"
".next/static/chunks/app/api/clash-updates/route-1848aeb879e53df9.js","ignored-untracked","284","delete","<deleted>"
".next/static/chunks/app/api/connect/[provider]/route-ca266d7d5f54a921.js","ignored-untracked","186","delete","<deleted>"
".next/static/chunks/app/api/connect/trello/route-1848aeb879e53df9.js","ignored-untracked","284","delete","<deleted>"
".next/static/chunks/app/api/debug/auth/route-1848aeb879e53df9.js","ignored-untracked","284","delete","<deleted>"
".next/static/chunks/app/api/events/trello/route-1848aeb879e53df9.js","ignored-untracked","284","delete","<deleted>"
".next/static/chunks/app/api/events/users/route-1848aeb879e53df9.js","ignored-untracked","284","delete","<deleted>"
".next/static/chunks/app/api/gmail/attachment/route-1848aeb879e53df9.js","ignored-untracked","284","delete","<deleted>"
".next/static/chunks/app/api/health/route-1848aeb879e53df9.js","ignored-untracked","284","delete","<deleted>"
".next/static/chunks/app/api/lod-img/[fileId]/route-1848aeb879e53df9.js","ignored-untracked","284","delete","<deleted>"
".next/static/chunks/app/api/sim-updates/route-1848aeb879e53df9.js","ignored-untracked","284","delete","<deleted>"
".next/static/chunks/app/api/trpc/[trpc]/route-1848aeb879e53df9.js","ignored-untracked","284","delete","<deleted>"
".next/static/chunks/app/api/uploadthing/route-1848aeb879e53df9.js","ignored-untracked","284","delete","<deleted>"
".next/static/chunks/app/api/wiki-collab-token/route-1848aeb879e53df9.js","ignored-untracked","284","delete","<deleted>"
".next/static/chunks/app/api/wiki-media/[id]/route-1848aeb879e53df9.js","ignored-untracked","284","delete","<deleted>"
".next/static/chunks/app/api/wiki-media/route-1848aeb879e53df9.js","ignored-untracked","284","delete","<deleted>"
".next/static/chunks/app/layout-443bf6f68d0a9b0e.js","ignored-untracked","18411","delete","<deleted>"
".next/static/chunks/app/page-1848aeb879e53df9.js","ignored-untracked","284","delete","<deleted>"
".next/static/chunks/b536a0f1.5c7e017bfbd36ff9.js","ignored-untracked","358757","delete","<deleted>"
".next/static/chunks/bd904a5c.817d279b54fdcb32.js","ignored-untracked","374974","delete","<deleted>"
".next/static/chunks/framework-b8f729f35b3f9ad7.js","ignored-untracked","189700","delete","<deleted>"
".next/static/chunks/main-app-378c863ebad08ea9.js","ignored-untracked","529","delete","<deleted>"
".next/static/chunks/main-ba250c16574533aa.js","ignored-untracked","132563","delete","<deleted>"
".next/static/chunks/next/dist/client/components/builtin/app-error-1848aeb879e53df9.js","ignored-untracked","284","delete","<deleted>"
".next/static/chunks/next/dist/client/components/builtin/forbidden-1848aeb879e53df9.js","ignored-untracked","284","delete","<deleted>"
".next/static/chunks/next/dist/client/components/builtin/global-error-853ee2136e1cfd88.js","ignored-untracked","186","delete","<deleted>"
".next/static/chunks/next/dist/client/components/builtin/not-found-1848aeb879e53df9.js","ignored-untracked","284","delete","<deleted>"
".next/static/chunks/next/dist/client/components/builtin/unauthorized-1848aeb879e53df9.js","ignored-untracked","284","delete","<deleted>"
".next/static/chunks/polyfills-42372ed130431b0a.js","ignored-untracked","112594","delete","<deleted>"
".next/static/chunks/webpack-5ce207498ab61ba4.js","ignored-untracked","6848","delete","<deleted>"
".next/static/css/1dfb5e71b60cea90.css","ignored-untracked","9082","delete","<deleted>"
".next/static/css/8abbd88a05394812.css","ignored-untracked","3294","delete","<deleted>"
".next/static/css/caafb8d88cf25006.css","ignored-untracked","194750","delete","<deleted>"
".next/static/JiahZgmvrxkfJVmUqjh28/_buildManifest.js","ignored-untracked","1974","delete","<deleted>"
".next/static/JiahZgmvrxkfJVmUqjh28/_ssgManifest.js","ignored-untracked","77","delete","<deleted>"
".next/static/media/36966cca54120369-s.p.woff2","ignored-untracked","22320","delete","<deleted>"
".next/static/media/438aa629764e75f3-s.woff2","ignored-untracked","2592","delete","<deleted>"
".next/static/media/4c9affa5bc8f420e-s.p.woff2","ignored-untracked","24576","delete","<deleted>"
".next/static/media/51251f8b9793cdb3-s.woff2","ignored-untracked","9360","delete","<deleted>"
".next/static/media/875ae681bfde4580-s.woff2","ignored-untracked","14544","delete","<deleted>"
".next/static/media/b7387a63dd068245-s.woff2","ignored-untracked","18924","delete","<deleted>"
".next/static/media/cc978ac5ee68c2b6-s.woff2","ignored-untracked","15240","delete","<deleted>"
".next/static/media/codicon.5b7d6fac.ttf","ignored-untracked","121972","delete","<deleted>"
".next/static/media/e1aab0933260df4d-s.woff2","ignored-untracked","6772","delete","<deleted>"
".next/static/media/e857b654a2caa584-s.woff2","ignored-untracked","8492","delete","<deleted>"
".next/static/media/pdf.worker.min.c70d4a95.mjs","ignored-untracked","972619","delete","<deleted>"
".next/trace","ignored-untracked","185228","delete","<deleted>"
".next/types/app/(auth)/forgot-password/page.ts","ignored-untracked","3932","delete","<deleted>"
".next/types/app/(auth)/login/page.ts","ignored-untracked","3902","delete","<deleted>"
".next/types/app/(auth)/register/page.ts","ignored-untracked","3911","delete","<deleted>"
".next/types/app/(auth)/reset-password/page.ts","ignored-untracked","3929","delete","<deleted>"
".next/types/app/(auth)/unauthorized/page.ts","ignored-untracked","3923","delete","<deleted>"
".next/types/app/(dashboard)/account/setup/page.ts","ignored-untracked","3947","delete","<deleted>"
".next/types/app/(dashboard)/clash-detection/page.ts","ignored-untracked","3947","delete","<deleted>"
".next/types/app/(dashboard)/exam/page.ts","ignored-untracked","3914","delete","<deleted>"
".next/types/app/(dashboard)/families/page.ts","ignored-untracked","3926","delete","<deleted>"
".next/types/app/(dashboard)/home/page.ts","ignored-untracked","3914","delete","<deleted>"
".next/types/app/(dashboard)/lod-checker/page.ts","ignored-untracked","3935","delete","<deleted>"
".next/types/app/(dashboard)/settings/users/page.ts","ignored-untracked","3950","delete","<deleted>"
".next/types/app/(dashboard)/sim-automation/page.ts","ignored-untracked","3944","delete","<deleted>"
".next/types/app/(dashboard)/sync-center/page.ts","ignored-untracked","3935","delete","<deleted>"
".next/types/app/(dashboard)/tasks/page.ts","ignored-untracked","3917","delete","<deleted>"
".next/types/app/(dashboard)/trello/page.ts","ignored-untracked","3920","delete","<deleted>"
".next/types/app/(dashboard)/users/dashboard/page.ts","ignored-untracked","3953","delete","<deleted>"
".next/types/app/(dashboard)/users/page.ts","ignored-untracked","3917","delete","<deleted>"
".next/types/app/api/ai/generate-description/route.ts","ignored-untracked","8972","delete","<deleted>"
".next/types/app/api/auth/[...nextauth]/route.ts","ignored-untracked","8957","delete","<deleted>"
".next/types/app/api/auth/callback/trello/route.ts","ignored-untracked","8969","delete","<deleted>"
".next/types/app/api/chat/media/route.ts","ignored-untracked","8933","delete","<deleted>"
".next/types/app/api/chat/stream/route.ts","ignored-untracked","8936","delete","<deleted>"
".next/types/app/api/chat/upload/route.ts","ignored-untracked","8936","delete","<deleted>"
".next/types/app/api/clash-updates/route.ts","ignored-untracked","8936","delete","<deleted>"
".next/types/app/api/connect/[provider]/route.ts","ignored-untracked","8957","delete","<deleted>"
".next/types/app/api/connect/trello/route.ts","ignored-untracked","8945","delete","<deleted>"
".next/types/app/api/debug/auth/route.ts","ignored-untracked","8933","delete","<deleted>"
".next/types/app/api/events/trello/route.ts","ignored-untracked","8942","delete","<deleted>"
".next/types/app/api/events/users/route.ts","ignored-untracked","8939","delete","<deleted>"
".next/types/app/api/gmail/attachment/route.ts","ignored-untracked","8951","delete","<deleted>"
".next/types/app/api/health/route.ts","ignored-untracked","8915","delete","<deleted>"
".next/types/app/api/lod-img/[fileId]/route.ts","ignored-untracked","8951","delete","<deleted>"
".next/types/app/api/sim-updates/route.ts","ignored-untracked","8930","delete","<deleted>"
".next/types/app/api/trpc/[trpc]/route.ts","ignored-untracked","8936","delete","<deleted>"
".next/types/app/api/uploadthing/route.ts","ignored-untracked","8930","delete","<deleted>"
".next/types/app/api/wiki-collab-token/route.ts","ignored-untracked","8948","delete","<deleted>"
".next/types/app/api/wiki-media/[id]/route.ts","ignored-untracked","8948","delete","<deleted>"
".next/types/app/api/wiki-media/route.ts","ignored-untracked","8927","delete","<deleted>"
".next/types/app/layout.ts","ignored-untracked","3863","delete","<deleted>"
".next/types/cache-life.d.ts","ignored-untracked","5854","delete","<deleted>"
".next/types/package.json","ignored-untracked","18","delete","<deleted>"
".next/types/routes.d.ts","ignored-untracked","3705","delete","<deleted>"
".next/types/validator.ts","ignored-untracked","15712","delete","<deleted>"
".playwright-mcp/console-2026-04-22T17-57-45-141Z.log","tracked","280","delete","<deleted>"
".playwright-mcp/page-2026-04-22T17-57-46-478Z.yml","tracked","3540","delete","<deleted>"
".tmp-users-snapshot.txt","untracked","33705","delete","<deleted>"
"400","untracked","0","delete","<deleted>"
"C:/LECG/Dashboard/.next/server/proxy.js","ignored-untracked","441472","delete","<deleted>"
"C:/LECG/Dashboard/.next/server/proxy.js.nft.json","ignored-untracked","61","delete","<deleted>"
"check-output.txt","tracked","1158","delete","<deleted>"
"dead-files.json","tracked","771","delete","<deleted>"
"error.log","tracked","1014","delete","<deleted>"
"final-knip-results.log","tracked","7346","delete","<deleted>"
"knip_out.json","tracked","13377","delete","<deleted>"
"knip_report.json","tracked","11784","delete","<deleted>"
"knip-baseline.log","tracked","10484","delete","<deleted>"
"knip-baseline-post-gap.log","tracked","9658","delete","<deleted>"
"knip-baseline-post-p2.log","tracked","9958","delete","<deleted>"
"log-console.txt","untracked","12500","delete","<deleted>"
"logs/after-task3-login.png","untracked","1097353","delete","<deleted>"
"logs/cosmograph-home.png","untracked","1415510","delete","<deleted>"
"logs/cosmos-showcase.png","untracked","41932","delete","<deleted>"
"logs/current-graph-state.png","untracked","813891","delete","<deleted>"
"logs/dc-backfill-730d-2026-05-13.log","untracked","4656","delete","<deleted>"
"logs/dc-backfill-730d-2026-05-13-1830.log","untracked","14774","delete","<deleted>"
"logs/dc-cron-2026-05-13.log","untracked","2080","delete","<deleted>"
"logs/graph-canvas-state.png","untracked","543537","delete","<deleted>"
"logs/launcher-test.err.log","untracked","0","delete","<deleted>"
"logs/launcher-test.out.log","untracked","13","delete","<deleted>"
"logs/next-node-2026-05-13-163856.err.log","untracked","0","delete","<deleted>"
"logs/next-node-2026-05-13-163856.out.log","untracked","0","delete","<deleted>"
"logs/next-start-2026-05-13-163831.err.log","untracked","0","delete","<deleted>"
"logs/next-start-2026-05-13-163831.out.log","untracked","0","delete","<deleted>"
"logs/prod-build-2026-05-13.log","untracked","1744","delete","<deleted>"
"logs/prod-start-2026-05-13-163118.err.log","untracked","0","delete","<deleted>"
"logs/prod-start-2026-05-13-163118.out.log","untracked","0","delete","<deleted>"
"logs/prod-start-2026-05-13-163231.err.log","untracked","0","delete","<deleted>"
"logs/prod-start-2026-05-13-163231.out.log","untracked","0","delete","<deleted>"
"logs/prod-start-2026-05-13-163725.err.log","untracked","0","delete","<deleted>"
"logs/prod-start-2026-05-13-163725.out.log","untracked","0","delete","<deleted>"
"logs/ref-mosaic-integration.png","untracked","229429","delete","<deleted>"
"logs/script-launcher-test.err.log","untracked","489","delete","<deleted>"
"logs/script-launcher-test.out.log","untracked","864","delete","<deleted>"
"logs/yjs.err.log","untracked","0","delete","<deleted>"
"logs/yjs.log","untracked","254718","delete","<deleted>"
"ngrok.log","tracked","2174","delete","<deleted>"
"ngrok_err.log","tracked","353","delete","<deleted>"
"output.log","tracked","374","delete","<deleted>"
"scripts/__pycache__/run_dev_stack.cpython-312.pyc","tracked","17523","delete","<deleted>"
"services/lod-engine/__pycache__/server.cpython-312.pyc","tracked","12424","delete","<deleted>"
"services/lod-engine/img_pipeline/__pycache__/hf_utils.cpython-312.pyc","tracked","1920","delete","<deleted>"
"services/lod-engine/img_pipeline/__pycache__/Run_Pipeline.cpython-312.pyc","tracked","1235","delete","<deleted>"
"services/lod-engine/img_pipeline/__pycache__/Run_Pipeline_Optimized.cpython-312.pyc","tracked","23531","delete","<deleted>"
"services/lod-engine/img_pipeline/__pycache__/Step01_Upscale.cpython-312.pyc","tracked","1924","delete","<deleted>"
"services/lod-engine/img_pipeline/__pycache__/Step02_Caption.cpython-312.pyc","tracked","5511","delete","<deleted>"
"services/lod-engine/img_pipeline/__pycache__/Step03_Background.cpython-312.pyc","tracked","5953","delete","<deleted>"
"services/lod-engine/img_pipeline/__pycache__/Step04_Detection.cpython-312.pyc","tracked","2172","delete","<deleted>"
"services/lod-engine/img_pipeline/__pycache__/Step05_Segmentation.cpython-312.pyc","tracked","2834","delete","<deleted>"
"services/lod-engine/img_pipeline/__pycache__/Step06_Categorization.cpython-312.pyc","tracked","6859","delete","<deleted>"
"services/lod-engine/img_pipeline/__pycache__/Step07_Embeddings.cpython-312.pyc","tracked","1990","delete","<deleted>"
"services/lod-engine/img_pipeline/__pycache__/Step08_OutputUtils.cpython-312.pyc","tracked","4722","delete","<deleted>"
"services/lod-engine/img_pipeline/__pycache__/Step09_DataTools.cpython-312.pyc","tracked","9982","delete","<deleted>"
"services/lod-engine/img_pipeline/__pycache__/Step10_Vision.cpython-312.pyc","tracked","5664","delete","<deleted>"
"services/lod-engine/img_pipeline/__pycache__/Step11_Detection.cpython-312.pyc","tracked","6795","delete","<deleted>"
"services/lod-engine/img_pipeline/__pycache__/Step12_Upscale.cpython-312.pyc","tracked","2618","delete","<deleted>"
"services/lod-engine/img_pipeline/__pycache__/Step13_GraphPrep.cpython-312.pyc","tracked","9334","delete","<deleted>"
"services/lod-engine/img_pipeline/adapters/__pycache__/__init__.cpython-312.pyc","tracked","309","delete","<deleted>"
"services/lod-engine/img_pipeline/adapters/__pycache__/blip2_adapter.cpython-312.pyc","tracked","2657","delete","<deleted>"
"services/lod-engine/img_pipeline/adapters/__pycache__/rmbg_adapter.cpython-312.pyc","tracked","2407","delete","<deleted>"
"services/lod-engine/img_pipeline/providers/__pycache__/__init__.cpython-312.pyc","tracked","318","delete","<deleted>"
"services/lod-engine/img_pipeline/providers/__pycache__/embedding_provider.cpython-312.pyc","tracked","1343","delete","<deleted>"
"services/lod-engine/img_pipeline/providers/__pycache__/siglip_provider.cpython-312.pyc","tracked","6808","delete","<deleted>"
"tmp/acc_graph_dev_3001.log","ignored-untracked","1484","delete","<deleted>"
"tmp/run_acc_graph_dev.err.log","ignored-untracked","0","delete","<deleted>"
"tmp/run_acc_graph_dev.out.log","ignored-untracked","539","delete","<deleted>"
"tsconfig.tsbuildinfo","ignored-untracked","894166","delete","<deleted>"
"yjs-logs.txt","untracked","59036","delete","<deleted>"
"yjs-logs-utf8.txt","untracked","59020","delete","<deleted>"
"access hubs.png","untracked","105884","quarantine",".cleanup-quarantine/2026-05-18/root-screenshots/access hubs.png"
"CLECGDashboardscriptsdev","untracked","0","quarantine",".cleanup-quarantine/2026-05-18/CLECGDashboardscriptsdev"
"folder permissions.png","untracked","181576","quarantine",".cleanup-quarantine/2026-05-18/root-screenshots/folder permissions.png"
"i dont like it.png","untracked","69223","quarantine",".cleanup-quarantine/2026-05-18/root-screenshots/i dont like it.png"
"PROBLEM 2.png","untracked","779686","quarantine",".cleanup-quarantine/2026-05-18/root-screenshots/PROBLEM 2.png"
"PROBLEM 3.png","untracked","218619","quarantine",".cleanup-quarantine/2026-05-18/root-screenshots/PROBLEM 3.png"
"problem 4.png","untracked","530323","quarantine",".cleanup-quarantine/2026-05-18/root-screenshots/problem 4.png"
"same flatshot.png","untracked","257666","quarantine",".cleanup-quarantine/2026-05-18/root-screenshots/same flatshot.png"
"scratch/create-editor.js","tracked","854","quarantine",".cleanup-quarantine/2026-05-18/scratch/create-editor.js"
"scratch/find-editor.ts","tracked","375","quarantine",".cleanup-quarantine/2026-05-18/scratch/find-editor.ts"
"scratch/find-users.js","tracked","706","quarantine",".cleanup-quarantine/2026-05-18/scratch/find-users.js"
"scratch/find-users-raw.js","tracked","446","quarantine",".cleanup-quarantine/2026-05-18/scratch/find-users-raw.js"
"scratch/reorg.js","tracked","2142","quarantine",".cleanup-quarantine/2026-05-18/scratch/reorg.js"
"scratch/set-password.js","tracked","677","quarantine",".cleanup-quarantine/2026-05-18/scratch/set-password.js"
"scratch/smoke-test.mjs","tracked","1089","quarantine",".cleanup-quarantine/2026-05-18/scratch/smoke-test.mjs"
"Screenshot 2026-05-06 195615.png","tracked","284189","quarantine",".cleanup-quarantine/2026-05-18/root-screenshots/Screenshot 2026-05-06 195615.png"
"Screenshot 2026-05-13 110624.png","untracked","26107","quarantine",".cleanup-quarantine/2026-05-18/root-screenshots/Screenshot 2026-05-13 110624.png"
"Screenshot 2026-05-13 110701.png","untracked","33326","quarantine",".cleanup-quarantine/2026-05-18/root-screenshots/Screenshot 2026-05-13 110701.png"
"Screenshot 2026-05-13 111505.png","untracked","38383","quarantine",".cleanup-quarantine/2026-05-18/root-screenshots/Screenshot 2026-05-13 111505.png"
"scripts/_rollback/00dc2c42-5bcb-4e00-817c-2ebbe87e9932.before.json","untracked","4178","quarantine",".cleanup-quarantine/2026-05-18/scripts/_rollback/00dc2c42-5bcb-4e00-817c-2ebbe87e9932.before.json"
"scripts/_rollback/02db00b2-8138-45a3-920f-d0213f3db219.before.json","untracked","4199","quarantine",".cleanup-quarantine/2026-05-18/scripts/_rollback/02db00b2-8138-45a3-920f-d0213f3db219.before.json"
"scripts/_rollback/03a120e6-99eb-41e8-a721-2b43431c247e.before.json","untracked","4171","quarantine",".cleanup-quarantine/2026-05-18/scripts/_rollback/03a120e6-99eb-41e8-a721-2b43431c247e.before.json"
"scripts/_rollback/04870f11-574f-4165-bc4b-8fa9442fb6c7.before.json","untracked","4167","quarantine",".cleanup-quarantine/2026-05-18/scripts/_rollback/04870f11-574f-4165-bc4b-8fa9442fb6c7.before.json"
"scripts/_rollback/04ed2374-1cfd-4f01-9056-a4757ee2f806.before.json","untracked","4170","quarantine",".cleanup-quarantine/2026-05-18/scripts/_rollback/04ed2374-1cfd-4f01-9056-a4757ee2f806.before.json"
"scripts/_rollback/078b9928-47e2-4605-8515-5c127a786327.before.json","untracked","4093","quarantine",".cleanup-quarantine/2026-05-18/scripts/_rollback/078b9928-47e2-4605-8515-5c127a786327.before.json"
"scripts/_rollback/080b83fb-07a0-4b03-abfa-e8bd9b5e5dc2.before.json","untracked","4089","quarantine",".cleanup-quarantine/2026-05-18/scripts/_rollback/080b83fb-07a0-4b03-abfa-e8bd9b5e5dc2.before.json"
"scripts/_rollback/088b2f23-f670-4009-992e-6aa73571fc86.before.json","untracked","4114","quarantine",".cleanup-quarantine/2026-05-18/scripts/_rollback/088b2f23-f670-4009-992e-6aa73571fc86.before.json"
"scripts/_rollback/088e7e92-788b-4c3e-861c-8d5a7fa9f411.before.json","untracked","4174","quarantine",".cleanup-quarantine/2026-05-18/scripts/_rollback/088e7e92-788b-4c3e-861c-8d5a7fa9f411.before.json"
"scripts/_rollback/08eb7461-b8d0-41a5-bc8f-34e5d1c0a4ec.before.json","untracked","4179","quarantine",".cleanup-quarantine/2026-05-18/scripts/_rollback/08eb7461-b8d0-41a5-bc8f-34e5d1c0a4ec.before.json"
"scripts/_rollback/09828756-eb18-4450-ac45-74782c64be16.before.json","untracked","4171","quarantine",".cleanup-quarantine/2026-05-18/scripts/_rollback/09828756-eb18-4450-ac45-74782c64be16.before.json"
"scripts/_rollback/09e26d50-d482-4798-bd98-21b58169a42b.before.json","untracked","4113","quarantine",".cleanup-quarantine/2026-05-18/scripts/_rollback/09e26d50-d482-4798-bd98-21b58169a42b.before.json"
"scripts/_rollback/0a9607a6-320f-4fb1-9045-fbeb3b7f88cb.before.json","untracked","4186","quarantine",".cleanup-quarantine/2026-05-18/scripts/_rollback/0a9607a6-320f-4fb1-9045-fbeb3b7f88cb.before.json"
"scripts/_rollback/0baa934c-6db6-470d-a452-8d7f30be8448.before.json","untracked","4099","quarantine",".cleanup-quarantine/2026-05-18/scripts/_rollback/0baa934c-6db6-470d-a452-8d7f30be8448.before.json"
"scripts/_rollback/0c35dec2-43ef-47ee-ab5d-d04268eef6dd.before.json","untracked","4315","quarantine",".cleanup-quarantine/2026-05-18/scripts/_rollback/0c35dec2-43ef-47ee-ab5d-d04268eef6dd.before.json"
"scripts/_rollback/0d9d568b-0993-42e1-b0f9-1bffedcfa3fe.before.json","untracked","4172","quarantine",".cleanup-quarantine/2026-05-18/scripts/_rollback/0d9d568b-0993-42e1-b0f9-1bffedcfa3fe.before.json"
"scripts/_rollback/0e0fa3fd-9ab0-4836-a111-6b1c422aede7.before.json","untracked","4110","quarantine",".cleanup-quarantine/2026-05-18/scripts/_rollback/0e0fa3fd-9ab0-4836-a111-6b1c422aede7.before.json"
"scripts/_rollback/0e1aa562-de82-4a2c-be50-230738bf2076.before.json","untracked","4167","quarantine",".cleanup-quarantine/2026-05-18/scripts/_rollback/0e1aa562-de82-4a2c-be50-230738bf2076.before.json"
"scripts/_rollback/0e4f331e-13b5-4492-a8e7-76c7878490f3.before.json","untracked","4153","quarantine",".cleanup-quarantine/2026-05-18/scripts/_rollback/0e4f331e-13b5-4492-a8e7-76c7878490f3.before.json"
"scripts/_rollback/0e5219f2-f66c-47c2-869a-adf08d27cf68.before.json","untracked","4156","quarantine",".cleanup-quarantine/2026-05-18/scripts/_rollback/0e5219f2-f66c-47c2-869a-adf08d27cf68.before.json"
"scripts/_rollback/0ecfb3d5-aca6-4931-9287-d69068ea02a9.before.json","untracked","4174","quarantine",".cleanup-quarantine/2026-05-18/scripts/_rollback/0ecfb3d5-aca6-4931-9287-d69068ea02a9.before.json"
"scripts/_rollback/0f25936f-39b3-47e6-87c4-a91d95419167.before.json","untracked","4172","quarantine",".cleanup-quarantine/2026-05-18/scripts/_rollback/0f25936f-39b3-47e6-87c4-a91d95419167.before.json"
"scripts/_rollback/0fbcbedf-39ac-4b62-aa01-f5d01391c986.before.json","untracked","4170","quarantine",".cleanup-quarantine/2026-05-18/scripts/_rollback/0fbcbedf-39ac-4b62-aa01-f5d01391c986.before.json"
"scripts/_rollback/0fe326b2-d61e-40b5-92ca-c92caa98f46f.before.json","untracked","4183","quarantine",".cleanup-quarantine/2026-05-18/scripts/_rollback/0fe326b2-d61e-40b5-92ca-c92caa98f46f.before.json"
"scripts/_rollback/11150e91-b3cc-4165-b00d-785465509b9a.before.json","untracked","4170","quarantine",".cleanup-quarantine/2026-05-18/scripts/_rollback/11150e91-b3cc-4165-b00d-785465509b9a.before.json"
"scripts/_rollback/11bf762a-ef02-4046-9bf7-3843a5f09fe1.before.json","untracked","4107","quarantine",".cleanup-quarantine/2026-05-18/scripts/_rollback/11bf762a-ef02-4046-9bf7-3843a5f09fe1.before.json"
"scripts/_rollback/11e01eb6-1bfe-48c5-a8b1-17186643307e.before.json","untracked","4167","quarantine",".cleanup-quarantine/2026-05-18/scripts/_rollback/11e01eb6-1bfe-48c5-a8b1-17186643307e.before.json"
"scripts/_rollback/127729f7-32df-40dd-8ae0-54b7c2fd82e9.before.json","untracked","4174","quarantine",".cleanup-quarantine/2026-05-18/scripts/_rollback/127729f7-32df-40dd-8ae0-54b7c2fd82e9.before.json"
"scripts/_rollback/13c0cf7d-c869-43de-a42d-8da100da1448.before.json","untracked","4100","quarantine",".cleanup-quarantine/2026-05-18/scripts/_rollback/13c0cf7d-c869-43de-a42d-8da100da1448.before.json"
"scripts/_rollback/13cb6c81-05ed-4ca3-90a6-579eb1c9c7f7.before.json","untracked","4091","quarantine",".cleanup-quarantine/2026-05-18/scripts/_rollback/13cb6c81-05ed-4ca3-90a6-579eb1c9c7f7.before.json"
"scripts/_rollback/14236444-a77b-49f3-bfc1-f866e4bc46b0.before.json","untracked","4169","quarantine",".cleanup-quarantine/2026-05-18/scripts/_rollback/14236444-a77b-49f3-bfc1-f866e4bc46b0.before.json"
"scripts/_rollback/14751c4b-db9f-4d85-a05e-620264ca6fab.before.json","untracked","4166","quarantine",".cleanup-quarantine/2026-05-18/scripts/_rollback/14751c4b-db9f-4d85-a05e-620264ca6fab.before.json"
"scripts/_rollback/1592b6fc-29e0-4243-8338-4c725807229f.before.json","untracked","4176","quarantine",".cleanup-quarantine/2026-05-18/scripts/_rollback/1592b6fc-29e0-4243-8338-4c725807229f.before.json"
"scripts/_rollback/19dbdfc9-8320-48ef-9355-2521662371aa.before.json","untracked","4170","quarantine",".cleanup-quarantine/2026-05-18/scripts/_rollback/19dbdfc9-8320-48ef-9355-2521662371aa.before.json"
"scripts/_rollback/1ac88ac0-7ee2-4447-b773-ed44a15e3944.before.json","untracked","4159","quarantine",".cleanup-quarantine/2026-05-18/scripts/_rollback/1ac88ac0-7ee2-4447-b773-ed44a15e3944.before.json"
"scripts/_rollback/1b3c0609-059a-48e9-a68f-fdbb99563712.before.json","untracked","4177","quarantine",".cleanup-quarantine/2026-05-18/scripts/_rollback/1b3c0609-059a-48e9-a68f-fdbb99563712.before.json"
"scripts/_rollback/1c281f10-0ee4-4aaf-b760-984079c9fa14.before.json","untracked","4107","quarantine",".cleanup-quarantine/2026-05-18/scripts/_rollback/1c281f10-0ee4-4aaf-b760-984079c9fa14.before.json"
"scripts/_rollback/1c3c0713-0a44-4a26-aa2f-2cdbee5c6620.before.json","untracked","4171","quarantine",".cleanup-quarantine/2026-05-18/scripts/_rollback/1c3c0713-0a44-4a26-aa2f-2cdbee5c6620.before.json"
"scripts/_rollback/1d60458a-3642-4bff-816f-b21e1d92f699.before.json","untracked","4106","quarantine",".cleanup-quarantine/2026-05-18/scripts/_rollback/1d60458a-3642-4bff-816f-b21e1d92f699.before.json"
"scripts/_rollback/1d7682fd-e2e3-4623-b832-dbba40e84605.before.json","untracked","4298","quarantine",".cleanup-quarantine/2026-05-18/scripts/_rollback/1d7682fd-e2e3-4623-b832-dbba40e84605.before.json"
"scripts/_rollback/1dbabd85-59f9-4346-be55-aa7589ef58a7.before.json","untracked","4179","quarantine",".cleanup-quarantine/2026-05-18/scripts/_rollback/1dbabd85-59f9-4346-be55-aa7589ef58a7.before.json"
"scripts/_rollback/1dd2f2d9-21f0-415a-8fcd-c3f166cf6d78.before.json","untracked","4106","quarantine",".cleanup-quarantine/2026-05-18/scripts/_rollback/1dd2f2d9-21f0-415a-8fcd-c3f166cf6d78.before.json"
"scripts/_rollback/1e2cac73-27a1-4d13-80ed-c6f46e8351e9.before.json","untracked","4181","quarantine",".cleanup-quarantine/2026-05-18/scripts/_rollback/1e2cac73-27a1-4d13-80ed-c6f46e8351e9.before.json"
"scripts/_rollback/1f08b4c8-eae7-4217-b3f5-b13d81722e6d.before.json","untracked","4165","quarantine",".cleanup-quarantine/2026-05-18/scripts/_rollback/1f08b4c8-eae7-4217-b3f5-b13d81722e6d.before.json"
"scripts/_rollback/1f27a0a3-2612-4a8a-95bf-7c831d8ddc35.before.json","untracked","4170","quarantine",".cleanup-quarantine/2026-05-18/scripts/_rollback/1f27a0a3-2612-4a8a-95bf-7c831d8ddc35.before.json"
"scripts/_rollback/1f8af750-1c3f-4497-889e-81e45dcdd452.before.json","untracked","4176","quarantine",".cleanup-quarantine/2026-05-18/scripts/_rollback/1f8af750-1c3f-4497-889e-81e45dcdd452.before.json"
"scripts/_rollback/1f9607bc-a753-4680-9792-583f5f862131.before.json","untracked","4176","quarantine",".cleanup-quarantine/2026-05-18/scripts/_rollback/1f9607bc-a753-4680-9792-583f5f862131.before.json"
"scripts/_rollback/1fbda50c-4356-4451-8eff-ac9f77e7331c.before.json","untracked","4174","quarantine",".cleanup-quarantine/2026-05-18/scripts/_rollback/1fbda50c-4356-4451-8eff-ac9f77e7331c.before.json"
"scripts/_rollback/1fd6b905-fe90-4552-af88-74614743571f.before.json","untracked","4008","quarantine",".cleanup-quarantine/2026-05-18/scripts/_rollback/1fd6b905-fe90-4552-af88-74614743571f.before.json"
"scripts/_rollback/2021be7c-87fc-4c63-82e6-56c8f5cd760b.before.json","untracked","4089","quarantine",".cleanup-quarantine/2026-05-18/scripts/_rollback/2021be7c-87fc-4c63-82e6-56c8f5cd760b.before.json"
"scripts/_rollback/205b9a23-2c07-4af4-b400-abc5dc5b9e64.before.json","untracked","4103","quarantine",".cleanup-quarantine/2026-05-18/scripts/_rollback/205b9a23-2c07-4af4-b400-abc5dc5b9e64.before.json"
"scripts/_rollback/20c6eade-8bd5-47c1-ba4f-149680cee7af.before.json","untracked","3999","quarantine",".cleanup-quarantine/2026-05-18/scripts/_rollback/20c6eade-8bd5-47c1-ba4f-149680cee7af.before.json"
"scripts/_rollback/22ab99a3-9eea-41f8-bb73-673de4003165.before.json","untracked","4168","quarantine",".cleanup-quarantine/2026-05-18/scripts/_rollback/22ab99a3-9eea-41f8-bb73-673de4003165.before.json"
"scripts/_rollback/230c9f34-d053-4ba7-99e4-f1ca9d454723.before.json","untracked","4170","quarantine",".cleanup-quarantine/2026-05-18/scripts/_rollback/230c9f34-d053-4ba7-99e4-f1ca9d454723.before.json"
"scripts/_rollback/23b8f812-4d76-439e-901c-1829f147cecf.before.json","untracked","4106","quarantine",".cleanup-quarantine/2026-05-18/scripts/_rollback/23b8f812-4d76-439e-901c-1829f147cecf.before.json"
"scripts/_rollback/23dbb3f7-552b-4c4c-b6e4-a47d20dca3be.before.json","untracked","4174","quarantine",".cleanup-quarantine/2026-05-18/scripts/_rollback/23dbb3f7-552b-4c4c-b6e4-a47d20dca3be.before.json"
"scripts/_rollback/23f72a2d-6f1f-41df-a1e1-f5bd285e02bb.before.json","untracked","4171","quarantine",".cleanup-quarantine/2026-05-18/scripts/_rollback/23f72a2d-6f1f-41df-a1e1-f5bd285e02bb.before.json"
"scripts/_rollback/242c1430-76f4-4370-8375-7a193998c103.before.json","untracked","4176","quarantine",".cleanup-quarantine/2026-05-18/scripts/_rollback/242c1430-76f4-4370-8375-7a193998c103.before.json"
"scripts/_rollback/24c5c4f5-fba7-47f3-9a5d-fb8a490b8a55.before.json","untracked","4184","quarantine",".cleanup-quarantine/2026-05-18/scripts/_rollback/24c5c4f5-fba7-47f3-9a5d-fb8a490b8a55.before.json"
"scripts/_rollback/24e6d40f-8d2e-4e17-a573-d0d44d60920d.before.json","untracked","4160","quarantine",".cleanup-quarantine/2026-05-18/scripts/_rollback/24e6d40f-8d2e-4e17-a573-d0d44d60920d.before.json"
"scripts/_rollback/2522c60e-02a5-45aa-ae12-6e48b9083dce.before.json","untracked","4173","quarantine",".cleanup-quarantine/2026-05-18/scripts/_rollback/2522c60e-02a5-45aa-ae12-6e48b9083dce.before.json"
"scripts/_rollback/253b83de-526f-40fc-8be8-7f93374d1105.before.json","untracked","4163","quarantine",".cleanup-quarantine/2026-05-18/scripts/_rollback/253b83de-526f-40fc-8be8-7f93374d1105.before.json"
"scripts/_rollback/25910a6f-3aca-4b71-8987-127a6d1fb974.before.json","untracked","4306","quarantine",".cleanup-quarantine/2026-05-18/scripts/_rollback/25910a6f-3aca-4b71-8987-127a6d1fb974.before.json"
"scripts/_rollback/25a4cfaa-e1b7-4bbc-a57a-08f2b1d6d655.before.json","untracked","4173","quarantine",".cleanup-quarantine/2026-05-18/scripts/_rollback/25a4cfaa-e1b7-4bbc-a57a-08f2b1d6d655.before.json"
"scripts/_rollback/2752ab7b-0911-4c96-b9ab-e090f3b364e3.before.json","untracked","4185","quarantine",".cleanup-quarantine/2026-05-18/scripts/_rollback/2752ab7b-0911-4c96-b9ab-e090f3b364e3.before.json"
"scripts/_rollback/283f8ca3-bb12-4f2d-b86f-ccefcf593f4d.before.json","untracked","4173","quarantine",".cleanup-quarantine/2026-05-18/scripts/_rollback/283f8ca3-bb12-4f2d-b86f-ccefcf593f4d.before.json"
"scripts/_rollback/28e65bf1-0b0c-426c-b37f-3d3b73cbd860.before.json","untracked","4162","quarantine",".cleanup-quarantine/2026-05-18/scripts/_rollback/28e65bf1-0b0c-426c-b37f-3d3b73cbd860.before.json"
"scripts/_rollback/2a46d219-9e58-479f-a4ba-daed763c7d61.before.json","untracked","4172","quarantine",".cleanup-quarantine/2026-05-18/scripts/_rollback/2a46d219-9e58-479f-a4ba-daed763c7d61.before.json"
"scripts/_rollback/2a99e567-340a-4d29-bdfe-a4003629bbd1.before.json","untracked","4165","quarantine",".cleanup-quarantine/2026-05-18/scripts/_rollback/2a99e567-340a-4d29-bdfe-a4003629bbd1.before.json"
"scripts/_rollback/2acf8949-ce28-4110-bc11-621652e63b09.before.json","untracked","4158","quarantine",".cleanup-quarantine/2026-05-18/scripts/_rollback/2acf8949-ce28-4110-bc11-621652e63b09.before.json"
"scripts/_rollback/2b7cdfb1-d61f-4d93-848d-4187c56f1b68.before.json","untracked","4166","quarantine",".cleanup-quarantine/2026-05-18/scripts/_rollback/2b7cdfb1-d61f-4d93-848d-4187c56f1b68.before.json"
"scripts/_rollback/2e2df2bb-dc4f-4ede-a147-c2abf3b34e17.before.json","untracked","4176","quarantine",".cleanup-quarantine/2026-05-18/scripts/_rollback/2e2df2bb-dc4f-4ede-a147-c2abf3b34e17.before.json"
"scripts/_rollback/2e3d54f2-2512-4c87-93e5-47a39057a750.before.json","untracked","4298","quarantine",".cleanup-quarantine/2026-05-18/scripts/_rollback/2e3d54f2-2512-4c87-93e5-47a39057a750.before.json"
"scripts/_rollback/2e9f0be1-9896-421b-9e81-c1264cb06fd2.before.json","untracked","4191","quarantine",".cleanup-quarantine/2026-05-18/scripts/_rollback/2e9f0be1-9896-421b-9e81-c1264cb06fd2.before.json"
"scripts/_rollback/2f0c8034-1f96-406d-9cec-d3a78c19c708.before.json","untracked","4176","quarantine",".cleanup-quarantine/2026-05-18/scripts/_rollback/2f0c8034-1f96-406d-9cec-d3a78c19c708.before.json"
"scripts/_rollback/2fddcffb-63cd-4d86-992d-f636704a9480.before.json","untracked","4172","quarantine",".cleanup-quarantine/2026-05-18/scripts/_rollback/2fddcffb-63cd-4d86-992d-f636704a9480.before.json"
"scripts/_rollback/3140f3ab-e397-420e-9900-9ffa9d916ec5.before.json","untracked","4185","quarantine",".cleanup-quarantine/2026-05-18/scripts/_rollback/3140f3ab-e397-420e-9900-9ffa9d916ec5.before.json"
"scripts/_rollback/3275ab62-aac9-4a24-9901-9a560e73e2c7.before.json","untracked","4169","quarantine",".cleanup-quarantine/2026-05-18/scripts/_rollback/3275ab62-aac9-4a24-9901-9a560e73e2c7.before.json"
"scripts/_rollback/328a8dc5-3c10-41cc-a6eb-e604b5727eae.before.json","untracked","4178","quarantine",".cleanup-quarantine/2026-05-18/scripts/_rollback/328a8dc5-3c10-41cc-a6eb-e604b5727eae.before.json"
"scripts/_rollback/32b678c5-b95f-4c9b-9043-b16b1f50d2f8.before.json","untracked","4162","quarantine",".cleanup-quarantine/2026-05-18/scripts/_rollback/32b678c5-b95f-4c9b-9043-b16b1f50d2f8.before.json"
"scripts/_rollback/331b8880-fa0e-4cf3-b7ff-9fdc62e58218.before.json","untracked","4298","quarantine",".cleanup-quarantine/2026-05-18/scripts/_rollback/331b8880-fa0e-4cf3-b7ff-9fdc62e58218.before.json"
"scripts/_rollback/3343e9de-f910-4027-bd57-6ecf06198898.before.json","untracked","4174","quarantine",".cleanup-quarantine/2026-05-18/scripts/_rollback/3343e9de-f910-4027-bd57-6ecf06198898.before.json"
"scripts/_rollback/33d9c81e-eeeb-46c8-a0b8-45b94c427ebb.before.json","untracked","4088","quarantine",".cleanup-quarantine/2026-05-18/scripts/_rollback/33d9c81e-eeeb-46c8-a0b8-45b94c427ebb.before.json"
"scripts/_rollback/34180bf5-81b6-4fdd-947e-06d02818f2b5.before.json","untracked","4095","quarantine",".cleanup-quarantine/2026-05-18/scripts/_rollback/34180bf5-81b6-4fdd-947e-06d02818f2b5.before.json"
"scripts/_rollback/350ccf64-55b5-4c13-9e5b-aeb0df79e429.before.json","untracked","4174","quarantine",".cleanup-quarantine/2026-05-18/scripts/_rollback/350ccf64-55b5-4c13-9e5b-aeb0df79e429.before.json"
"scripts/_rollback/35c47fa9-4ba6-4b3b-bbf2-fc0d11281f36.before.json","untracked","4157","quarantine",".cleanup-quarantine/2026-05-18/scripts/_rollback/35c47fa9-4ba6-4b3b-bbf2-fc0d11281f36.before.json"
"scripts/_rollback/36d686ed-c93f-4aa5-b489-8d6d4a5a3bc2.before.json","untracked","4173","quarantine",".cleanup-quarantine/2026-05-18/scripts/_rollback/36d686ed-c93f-4aa5-b489-8d6d4a5a3bc2.before.json"
"scripts/_rollback/378aba8e-31b5-4232-b826-5def9c5bb577.before.json","untracked","4177","quarantine",".cleanup-quarantine/2026-05-18/scripts/_rollback/378aba8e-31b5-4232-b826-5def9c5bb577.before.json"
"scripts/_rollback/37a6600d-5729-443d-8d05-dda8d6ceb885.before.json","untracked","4177","quarantine",".cleanup-quarantine/2026-05-18/scripts/_rollback/37a6600d-5729-443d-8d05-dda8d6ceb885.before.json"
"scripts/_rollback/381cfb5b-4537-4393-a037-a62470a5d82a.before.json","untracked","4167","quarantine",".cleanup-quarantine/2026-05-18/scripts/_rollback/381cfb5b-4537-4393-a037-a62470a5d82a.before.json"
"scripts/_rollback/3902a8fc-2c15-49b6-b80b-4072dacf4af3.before.json","untracked","4123","quarantine",".cleanup-quarantine/2026-05-18/scripts/_rollback/3902a8fc-2c15-49b6-b80b-4072dacf4af3.before.json"
"scripts/_rollback/39a364cf-77a6-4713-8ea8-01596c5f5f62.before.json","untracked","4172","quarantine",".cleanup-quarantine/2026-05-18/scripts/_rollback/39a364cf-77a6-4713-8ea8-01596c5f5f62.before.json"
"scripts/_rollback/39bb8b3b-4a17-4dfd-9fdf-9e74befcb30d.before.json","untracked","4172","quarantine",".cleanup-quarantine/2026-05-18/scripts/_rollback/39bb8b3b-4a17-4dfd-9fdf-9e74befcb30d.before.json"
"scripts/_rollback/3ae5d7ec-071e-4d97-903b-436dbf961c5a.before.json","untracked","4113","quarantine",".cleanup-quarantine/2026-05-18/scripts/_rollback/3ae5d7ec-071e-4d97-903b-436dbf961c5a.before.json"
"scripts/_rollback/3b553a01-6dc4-4e11-a66d-45fd67b21beb.before.json","untracked","4174","quarantine",".cleanup-quarantine/2026-05-18/scripts/_rollback/3b553a01-6dc4-4e11-a66d-45fd67b21beb.before.json"
"scripts/_rollback/3c689109-66ef-4fdc-9f65-738dc698d86e.before.json","untracked","4103","quarantine",".cleanup-quarantine/2026-05-18/scripts/_rollback/3c689109-66ef-4fdc-9f65-738dc698d86e.before.json"
"scripts/_rollback/3c81a920-27b0-4d73-8f0c-bae50f98314e.before.json","untracked","4088","quarantine",".cleanup-quarantine/2026-05-18/scripts/_rollback/3c81a920-27b0-4d73-8f0c-bae50f98314e.before.json"
"scripts/_rollback/3dc8cd93-8704-4d5c-b25a-5913902a9448.before.json","untracked","4166","quarantine",".cleanup-quarantine/2026-05-18/scripts/_rollback/3dc8cd93-8704-4d5c-b25a-5913902a9448.before.json"
"scripts/_rollback/3e1c3bc2-5be3-4822-9ed5-103256aab9bb.before.json","untracked","4192","quarantine",".cleanup-quarantine/2026-05-18/scripts/_rollback/3e1c3bc2-5be3-4822-9ed5-103256aab9bb.before.json"
"scripts/_rollback/3e6fd1c1-47f3-4fe7-91fe-b62ee342c289.before.json","untracked","4103","quarantine",".cleanup-quarantine/2026-05-18/scripts/_rollback/3e6fd1c1-47f3-4fe7-91fe-b62ee342c289.before.json"
"scripts/_rollback/3e949694-7dca-4226-80dc-f4d28adbeef9.before.json","untracked","4298","quarantine",".cleanup-quarantine/2026-05-18/scripts/_rollback/3e949694-7dca-4226-80dc-f4d28adbeef9.before.json"
"scripts/_rollback/3fa8450d-ad7e-4513-910c-e800b5d2b327.before.json","untracked","4190","quarantine",".cleanup-quarantine/2026-05-18/scripts/_rollback/3fa8450d-ad7e-4513-910c-e800b5d2b327.before.json"
"scripts/_rollback/40183578-6616-4896-9991-e13219332f03.before.json","untracked","4174","quarantine",".cleanup-quarantine/2026-05-18/scripts/_rollback/40183578-6616-4896-9991-e13219332f03.before.json"
"scripts/_rollback/4040e003-599a-4904-bcdf-2feae0cac201.before.json","untracked","4116","quarantine",".cleanup-quarantine/2026-05-18/scripts/_rollback/4040e003-599a-4904-bcdf-2feae0cac201.before.json"
"scripts/_rollback/42f15dcf-4597-46b3-ab40-b5efec39c94e.before.json","untracked","4158","quarantine",".cleanup-quarantine/2026-05-18/scripts/_rollback/42f15dcf-4597-46b3-ab40-b5efec39c94e.before.json"
"scripts/_rollback/43553ca7-680d-4c1c-b0aa-7a8989210314.before.json","untracked","4131","quarantine",".cleanup-quarantine/2026-05-18/scripts/_rollback/43553ca7-680d-4c1c-b0aa-7a8989210314.before.json"
"scripts/_rollback/435ce64c-e843-4c8a-a215-432299484b52.before.json","untracked","4108","quarantine",".cleanup-quarantine/2026-05-18/scripts/_rollback/435ce64c-e843-4c8a-a215-432299484b52.before.json"
"scripts/_rollback/437bbb0a-c20c-4b20-a324-ad69b92d4443.before.json","untracked","4171","quarantine",".cleanup-quarantine/2026-05-18/scripts/_rollback/437bbb0a-c20c-4b20-a324-ad69b92d4443.before.json"
"scripts/_rollback/43b4fdb5-325d-4376-830e-0d3385b3a0a0.before.json","untracked","4086","quarantine",".cleanup-quarantine/2026-05-18/scripts/_rollback/43b4fdb5-325d-4376-830e-0d3385b3a0a0.before.json"
"scripts/_rollback/44201850-7e81-40be-bb6e-294984f6275b.before.json","untracked","4167","quarantine",".cleanup-quarantine/2026-05-18/scripts/_rollback/44201850-7e81-40be-bb6e-294984f6275b.before.json"
"scripts/_rollback/44f2a1f7-ab69-400c-a9c7-1bb92f8d6571.before.json","untracked","4174","quarantine",".cleanup-quarantine/2026-05-18/scripts/_rollback/44f2a1f7-ab69-400c-a9c7-1bb92f8d6571.before.json"
"scripts/_rollback/45c5ebb0-8605-4e53-8711-85ee56c94a5d.before.json","untracked","4106","quarantine",".cleanup-quarantine/2026-05-18/scripts/_rollback/45c5ebb0-8605-4e53-8711-85ee56c94a5d.before.json"
"scripts/_rollback/45e0063d-c3a0-44e2-83cb-da1602f9f642.before.json","untracked","4182","quarantine",".cleanup-quarantine/2026-05-18/scripts/_rollback/45e0063d-c3a0-44e2-83cb-da1602f9f642.before.json"
"scripts/_rollback/45fb341f-1b62-4685-8d03-e4e5d761ed7b.before.json","untracked","4167","quarantine",".cleanup-quarantine/2026-05-18/scripts/_rollback/45fb341f-1b62-4685-8d03-e4e5d761ed7b.before.json"
"scripts/_rollback/46128876-a9f1-4228-81e6-44e91be8da41.before.json","untracked","4160","quarantine",".cleanup-quarantine/2026-05-18/scripts/_rollback/46128876-a9f1-4228-81e6-44e91be8da41.before.json"
"scripts/_rollback/47821237-5c3c-4ec3-baa2-374419dd30cb.before.json","untracked","4165","quarantine",".cleanup-quarantine/2026-05-18/scripts/_rollback/47821237-5c3c-4ec3-baa2-374419dd30cb.before.json"
"scripts/_rollback/4880f9e3-864f-43b4-b3b1-a71b50df1348.before.json","untracked","4107","quarantine",".cleanup-quarantine/2026-05-18/scripts/_rollback/4880f9e3-864f-43b4-b3b1-a71b50df1348.before.json"
"scripts/_rollback/489d7ec7-90c5-40c6-bcbb-1fd93da6626a.before.json","untracked","4182","quarantine",".cleanup-quarantine/2026-05-18/scripts/_rollback/489d7ec7-90c5-40c6-bcbb-1fd93da6626a.before.json"
"scripts/_rollback/48dbec13-7e73-4d40-8a90-ec7b91a07b4b.before.json","untracked","4126","quarantine",".cleanup-quarantine/2026-05-18/scripts/_rollback/48dbec13-7e73-4d40-8a90-ec7b91a07b4b.before.json"
"scripts/_rollback/4930f201-b8ab-47be-b59b-4ff51ebf6a5d.before.json","untracked","4167","quarantine",".cleanup-quarantine/2026-05-18/scripts/_rollback/4930f201-b8ab-47be-b59b-4ff51ebf6a5d.before.json"
"scripts/_rollback/4b4e04b3-7f03-431f-80c1-bb158007ad3c.before.json","untracked","4107","quarantine",".cleanup-quarantine/2026-05-18/scripts/_rollback/4b4e04b3-7f03-431f-80c1-bb158007ad3c.before.json"
"scripts/_rollback/4b61c346-4240-4d61-a37c-f76a9dc13a40.before.json","untracked","4171","quarantine",".cleanup-quarantine/2026-05-18/scripts/_rollback/4b61c346-4240-4d61-a37c-f76a9dc13a40.before.json"
"scripts/_rollback/4c510881-c15a-402c-968a-baf2bb88c8b2.before.json","untracked","4170","quarantine",".cleanup-quarantine/2026-05-18/scripts/_rollback/4c510881-c15a-402c-968a-baf2bb88c8b2.before.json"
"scripts/_rollback/4c684e4f-111f-4d25-a883-48dd54739b21.before.json","untracked","4290","quarantine",".cleanup-quarantine/2026-05-18/scripts/_rollback/4c684e4f-111f-4d25-a883-48dd54739b21.before.json"
"scripts/_rollback/4e000891-adba-459d-ac14-5ef8b4617bcf.before.json","untracked","4162","quarantine",".cleanup-quarantine/2026-05-18/scripts/_rollback/4e000891-adba-459d-ac14-5ef8b4617bcf.before.json"
"scripts/_rollback/4ecfd2b2-ef4a-44c1-9513-333f187d39bd.before.json","untracked","4182","quarantine",".cleanup-quarantine/2026-05-18/scripts/_rollback/4ecfd2b2-ef4a-44c1-9513-333f187d39bd.before.json"
"scripts/_rollback/4fc9939e-6eac-4d8a-b7d0-09f97000505e.before.json","untracked","4179","quarantine",".cleanup-quarantine/2026-05-18/scripts/_rollback/4fc9939e-6eac-4d8a-b7d0-09f97000505e.before.json"
"scripts/_rollback/51b81910-bad3-44aa-9cb7-1912ede64971.before.json","untracked","4113","quarantine",".cleanup-quarantine/2026-05-18/scripts/_rollback/51b81910-bad3-44aa-9cb7-1912ede64971.before.json"
"scripts/_rollback/51d54af8-1609-405c-ac54-6eda46ec1e42.before.json","untracked","4169","quarantine",".cleanup-quarantine/2026-05-18/scripts/_rollback/51d54af8-1609-405c-ac54-6eda46ec1e42.before.json"
"scripts/_rollback/52704e94-ebb7-4b0d-9370-09cd14214e92.before.json","untracked","4099","quarantine",".cleanup-quarantine/2026-05-18/scripts/_rollback/52704e94-ebb7-4b0d-9370-09cd14214e92.before.json"
"scripts/_rollback/528cfdca-7faa-441b-a577-e89a986261c6.before.json","untracked","4190","quarantine",".cleanup-quarantine/2026-05-18/scripts/_rollback/528cfdca-7faa-441b-a577-e89a986261c6.before.json"
"scripts/_rollback/53f560c3-7d6e-4a0c-a71d-b7b9449e665c.before.json","untracked","4299","quarantine",".cleanup-quarantine/2026-05-18/scripts/_rollback/53f560c3-7d6e-4a0c-a71d-b7b9449e665c.before.json"
"scripts/_rollback/559914b2-02ed-4668-8ec7-64c9e2010e7b.before.json","untracked","4168","quarantine",".cleanup-quarantine/2026-05-18/scripts/_rollback/559914b2-02ed-4668-8ec7-64c9e2010e7b.before.json"
"scripts/_rollback/56461ea1-a1aa-41f3-9a17-b2b74674d067.before.json","untracked","4167","quarantine",".cleanup-quarantine/2026-05-18/scripts/_rollback/56461ea1-a1aa-41f3-9a17-b2b74674d067.before.json"
"scripts/_rollback/56c5ba90-fd88-4be9-b0af-2f2e7c0ed6e0.before.json","untracked","4174","quarantine",".cleanup-quarantine/2026-05-18/scripts/_rollback/56c5ba90-fd88-4be9-b0af-2f2e7c0ed6e0.before.json"
"scripts/_rollback/5739117b-6509-4f3d-af07-98337bf3a8fa.before.json","untracked","4169","quarantine",".cleanup-quarantine/2026-05-18/scripts/_rollback/5739117b-6509-4f3d-af07-98337bf3a8fa.before.json"
"scripts/_rollback/57803ffe-18a5-4dcd-8f8b-b6a7509823e3.before.json","untracked","4171","quarantine",".cleanup-quarantine/2026-05-18/scripts/_rollback/57803ffe-18a5-4dcd-8f8b-b6a7509823e3.before.json"
"scripts/_rollback/5a0a12cb-d7db-48fc-8d6b-8c679045ab14.before.json","untracked","4103","quarantine",".cleanup-quarantine/2026-05-18/scripts/_rollback/5a0a12cb-d7db-48fc-8d6b-8c679045ab14.before.json"
"scripts/_rollback/5a6ef54d-321f-4a6e-9cbf-45ca8e1273bb.before.json","untracked","4299","quarantine",".cleanup-quarantine/2026-05-18/scripts/_rollback/5a6ef54d-321f-4a6e-9cbf-45ca8e1273bb.before.json"
"scripts/_rollback/5a9d9df1-54b7-44fc-8a2f-0bc0ad543c9b.before.json","untracked","4183","quarantine",".cleanup-quarantine/2026-05-18/scripts/_rollback/5a9d9df1-54b7-44fc-8a2f-0bc0ad543c9b.before.json"
"scripts/_rollback/5ab9287c-3f9c-4408-9673-4deb07df45e4.before.json","untracked","4169","quarantine",".cleanup-quarantine/2026-05-18/scripts/_rollback/5ab9287c-3f9c-4408-9673-4deb07df45e4.before.json"
"scripts/_rollback/5b0b238c-7ea8-426d-8019-b7aeae712e72.before.json","untracked","4174","quarantine",".cleanup-quarantine/2026-05-18/scripts/_rollback/5b0b238c-7ea8-426d-8019-b7aeae712e72.before.json"
"scripts/_rollback/5b3d2ec1-b2ca-488d-acb8-60c599d59a6e.before.json","untracked","4177","quarantine",".cleanup-quarantine/2026-05-18/scripts/_rollback/5b3d2ec1-b2ca-488d-acb8-60c599d59a6e.before.json"
"scripts/_rollback/5bcfd2f0-c0b6-41bc-9c04-a0395361e386.before.json","untracked","3874","quarantine",".cleanup-quarantine/2026-05-18/scripts/_rollback/5bcfd2f0-c0b6-41bc-9c04-a0395361e386.before.json"
"scripts/_rollback/5c3603cb-b0a4-48bf-85c3-46ccc7c7030f.before.json","untracked","4188","quarantine",".cleanup-quarantine/2026-05-18/scripts/_rollback/5c3603cb-b0a4-48bf-85c3-46ccc7c7030f.before.json"
"scripts/_rollback/5c52c6b5-b178-469b-8154-5ba782eb9570.before.json","untracked","4164","quarantine",".cleanup-quarantine/2026-05-18/scripts/_rollback/5c52c6b5-b178-469b-8154-5ba782eb9570.before.json"
"scripts/_rollback/5c646bb7-80d8-4a65-a067-32671b5f6af1.before.json","untracked","4207","quarantine",".cleanup-quarantine/2026-05-18/scripts/_rollback/5c646bb7-80d8-4a65-a067-32671b5f6af1.before.json"
"scripts/_rollback/5cb00091-bb3e-4cbf-ac94-7eb78b10e7f6.before.json","untracked","4132","quarantine",".cleanup-quarantine/2026-05-18/scripts/_rollback/5cb00091-bb3e-4cbf-ac94-7eb78b10e7f6.before.json"
"scripts/_rollback/5cd66ea2-4d5a-4b24-be9e-72fe07593041.before.json","untracked","4120","quarantine",".cleanup-quarantine/2026-05-18/scripts/_rollback/5cd66ea2-4d5a-4b24-be9e-72fe07593041.before.json"
"scripts/_rollback/5cdb8fbd-9428-4acb-acd5-03b988bd4cee.before.json","untracked","4169","quarantine",".cleanup-quarantine/2026-05-18/scripts/_rollback/5cdb8fbd-9428-4acb-acd5-03b988bd4cee.before.json"
"scripts/_rollback/5d04b77e-243b-4875-b08b-01cba65690b4.before.json","untracked","4174","quarantine",".cleanup-quarantine/2026-05-18/scripts/_rollback/5d04b77e-243b-4875-b08b-01cba65690b4.before.json"
"scripts/_rollback/5d5f19ff-0f08-4488-925e-6e7223a2643b.before.json","untracked","4172","quarantine",".cleanup-quarantine/2026-05-18/scripts/_rollback/5d5f19ff-0f08-4488-925e-6e7223a2643b.before.json"
"scripts/_rollback/5dc46300-9c48-4938-9ce8-35f7411fb063.before.json","untracked","4110","quarantine",".cleanup-quarantine/2026-05-18/scripts/_rollback/5dc46300-9c48-4938-9ce8-35f7411fb063.before.json"
"scripts/_rollback/5eb52b19-4659-4332-a224-7cfc0b48e224.before.json","untracked","4167","quarantine",".cleanup-quarantine/2026-05-18/scripts/_rollback/5eb52b19-4659-4332-a224-7cfc0b48e224.before.json"
"scripts/_rollback/5edb72e5-c1f8-4266-914c-e1e8859ed563.before.json","untracked","4173","quarantine",".cleanup-quarantine/2026-05-18/scripts/_rollback/5edb72e5-c1f8-4266-914c-e1e8859ed563.before.json"
"scripts/_rollback/5f0fa09d-bff2-4957-8a68-41ffe10ae531.before.json","untracked","4162","quarantine",".cleanup-quarantine/2026-05-18/scripts/_rollback/5f0fa09d-bff2-4957-8a68-41ffe10ae531.before.json"
"scripts/_rollback/5f434453-a1bd-457e-a22b-e97c5d6283ed.before.json","untracked","4171","quarantine",".cleanup-quarantine/2026-05-18/scripts/_rollback/5f434453-a1bd-457e-a22b-e97c5d6283ed.before.json"
"scripts/_rollback/5fb6b6a5-690f-4c7b-8f01-2391860a7822.before.json","untracked","4180","quarantine",".cleanup-quarantine/2026-05-18/scripts/_rollback/5fb6b6a5-690f-4c7b-8f01-2391860a7822.before.json"
"scripts/_rollback/600d9293-6544-485f-85e9-9d4cdf5462ed.before.json","untracked","4161","quarantine",".cleanup-quarantine/2026-05-18/scripts/_rollback/600d9293-6544-485f-85e9-9d4cdf5462ed.before.json"
"scripts/_rollback/611c095d-d432-46cc-bf0f-555a514c6761.before.json","untracked","4167","quarantine",".cleanup-quarantine/2026-05-18/scripts/_rollback/611c095d-d432-46cc-bf0f-555a514c6761.before.json"
"scripts/_rollback/61d0629d-0264-4c2c-9751-d55fd826cd31.before.json","untracked","4160","quarantine",".cleanup-quarantine/2026-05-18/scripts/_rollback/61d0629d-0264-4c2c-9751-d55fd826cd31.before.json"
"scripts/_rollback/63ccd45f-5551-40dc-bf78-e941005bbab8.before.json","untracked","4167","quarantine",".cleanup-quarantine/2026-05-18/scripts/_rollback/63ccd45f-5551-40dc-bf78-e941005bbab8.before.json"
"scripts/_rollback/645e7dc6-8c34-45e6-b8b0-91baa1680500.before.json","untracked","4167","quarantine",".cleanup-quarantine/2026-05-18/scripts/_rollback/645e7dc6-8c34-45e6-b8b0-91baa1680500.before.json"
"scripts/_rollback/6485d3ba-b1d1-4a99-8665-97456290f9bc.before.json","untracked","4173","quarantine",".cleanup-quarantine/2026-05-18/scripts/_rollback/6485d3ba-b1d1-4a99-8665-97456290f9bc.before.json"
"scripts/_rollback/65636e02-e883-4be9-a43e-64de68ab0ea3.before.json","untracked","4170","quarantine",".cleanup-quarantine/2026-05-18/scripts/_rollback/65636e02-e883-4be9-a43e-64de68ab0ea3.before.json"
"scripts/_rollback/65b5d824-a61b-4969-8bbb-4fa0baf1fb31.before.json","untracked","4177","quarantine",".cleanup-quarantine/2026-05-18/scripts/_rollback/65b5d824-a61b-4969-8bbb-4fa0baf1fb31.before.json"
"scripts/_rollback/65c9d92f-751f-4989-8392-017e695119f4.before.json","untracked","4168","quarantine",".cleanup-quarantine/2026-05-18/scripts/_rollback/65c9d92f-751f-4989-8392-017e695119f4.before.json"
"scripts/_rollback/67350c5e-2c14-4d42-8227-8c9fd760985a.before.json","untracked","4174","quarantine",".cleanup-quarantine/2026-05-18/scripts/_rollback/67350c5e-2c14-4d42-8227-8c9fd760985a.before.json"
"scripts/_rollback/67749397-c456-41bd-85f6-36eaa1d9a45b.before.json","untracked","4171","quarantine",".cleanup-quarantine/2026-05-18/scripts/_rollback/67749397-c456-41bd-85f6-36eaa1d9a45b.before.json"
"scripts/_rollback/67e4db6a-5cca-430a-91cc-c69a73b1095b.before.json","untracked","4172","quarantine",".cleanup-quarantine/2026-05-18/scripts/_rollback/67e4db6a-5cca-430a-91cc-c69a73b1095b.before.json"
"scripts/_rollback/68b16455-64d3-4e77-b489-9b8626435e52.before.json","untracked","4126","quarantine",".cleanup-quarantine/2026-05-18/scripts/_rollback/68b16455-64d3-4e77-b489-9b8626435e52.before.json"
"scripts/_rollback/6c6dd2eb-9760-4d69-8651-aea5535dcf1e.before.json","untracked","4180","quarantine",".cleanup-quarantine/2026-05-18/scripts/_rollback/6c6dd2eb-9760-4d69-8651-aea5535dcf1e.before.json"
"scripts/_rollback/6ccd269b-0f2b-42f1-829b-c0e103fcfdfb.before.json","untracked","4177","quarantine",".cleanup-quarantine/2026-05-18/scripts/_rollback/6ccd269b-0f2b-42f1-829b-c0e103fcfdfb.before.json"
"scripts/_rollback/6d40255b-99eb-42b7-ad85-ca01067c13de.before.json","untracked","4306","quarantine",".cleanup-quarantine/2026-05-18/scripts/_rollback/6d40255b-99eb-42b7-ad85-ca01067c13de.before.json"
"scripts/_rollback/6dd6ed8e-972a-465d-9f41-77c4c81199eb.before.json","untracked","3879","quarantine",".cleanup-quarantine/2026-05-18/scripts/_rollback/6dd6ed8e-972a-465d-9f41-77c4c81199eb.before.json"
"scripts/_rollback/6de31aad-c31e-4577-bcff-e273e1816288.before.json","untracked","4085","quarantine",".cleanup-quarantine/2026-05-18/scripts/_rollback/6de31aad-c31e-4577-bcff-e273e1816288.before.json"
"scripts/_rollback/6ec9b649-2a42-486a-bdad-71712030a318.before.json","untracked","4181","quarantine",".cleanup-quarantine/2026-05-18/scripts/_rollback/6ec9b649-2a42-486a-bdad-71712030a318.before.json"
"scripts/_rollback/6f5ee52e-2249-4c65-98bf-ec66df0803e8.before.json","untracked","4160","quarantine",".cleanup-quarantine/2026-05-18/scripts/_rollback/6f5ee52e-2249-4c65-98bf-ec66df0803e8.before.json"
"scripts/_rollback/7018e7e4-ae13-4431-8181-3e3b49abc039.before.json","untracked","4174","quarantine",".cleanup-quarantine/2026-05-18/scripts/_rollback/7018e7e4-ae13-4431-8181-3e3b49abc039.before.json"
"scripts/_rollback/70b66ecf-5c25-4865-b130-6abcb3d0bbf3.before.json","untracked","4161","quarantine",".cleanup-quarantine/2026-05-18/scripts/_rollback/70b66ecf-5c25-4865-b130-6abcb3d0bbf3.before.json"
"scripts/_rollback/70f23018-b192-496a-b451-426810967ae6.before.json","untracked","4175","quarantine",".cleanup-quarantine/2026-05-18/scripts/_rollback/70f23018-b192-496a-b451-426810967ae6.before.json"
"scripts/_rollback/71162e58-7233-45b1-8dc3-4b4ca71c6dfe.before.json","untracked","4172","quarantine",".cleanup-quarantine/2026-05-18/scripts/_rollback/71162e58-7233-45b1-8dc3-4b4ca71c6dfe.before.json"
"scripts/_rollback/71918a81-1f99-41da-bec9-13e32f7a927a.before.json","untracked","4175","quarantine",".cleanup-quarantine/2026-05-18/scripts/_rollback/71918a81-1f99-41da-bec9-13e32f7a927a.before.json"
"scripts/_rollback/71993858-6785-47e0-8136-430604b6c8a3.before.json","untracked","4174","quarantine",".cleanup-quarantine/2026-05-18/scripts/_rollback/71993858-6785-47e0-8136-430604b6c8a3.before.json"
"scripts/_rollback/71f89492-bf33-45eb-ab45-a0b919168a62.before.json","untracked","4009","quarantine",".cleanup-quarantine/2026-05-18/scripts/_rollback/71f89492-bf33-45eb-ab45-a0b919168a62.before.json"
"scripts/_rollback/7267a995-75a2-4ecb-8971-6d1ee57e9e2f.before.json","untracked","4159","quarantine",".cleanup-quarantine/2026-05-18/scripts/_rollback/7267a995-75a2-4ecb-8971-6d1ee57e9e2f.before.json"
"scripts/_rollback/72f7f6b7-8430-4a39-bb7e-4d0447c224f4.before.json","untracked","4165","quarantine",".cleanup-quarantine/2026-05-18/scripts/_rollback/72f7f6b7-8430-4a39-bb7e-4d0447c224f4.before.json"
"scripts/_rollback/7307cc61-36bb-4980-8d7c-5c9414369487.before.json","untracked","4166","quarantine",".cleanup-quarantine/2026-05-18/scripts/_rollback/7307cc61-36bb-4980-8d7c-5c9414369487.before.json"
"scripts/_rollback/73683188-8233-485d-96cb-751a9370beb9.before.json","untracked","4130","quarantine",".cleanup-quarantine/2026-05-18/scripts/_rollback/73683188-8233-485d-96cb-751a9370beb9.before.json"
"scripts/_rollback/74bffe39-3afe-4af3-8c7b-312b2578f722.before.json","untracked","4173","quarantine",".cleanup-quarantine/2026-05-18/scripts/_rollback/74bffe39-3afe-4af3-8c7b-312b2578f722.before.json"
"scripts/_rollback/74c006c7-6fc0-4336-8b25-0020d69f835b.before.json","untracked","4174","quarantine",".cleanup-quarantine/2026-05-18/scripts/_rollback/74c006c7-6fc0-4336-8b25-0020d69f835b.before.json"
"scripts/_rollback/74f89154-6f3c-4fb3-9198-30adfe0ba7be.before.json","untracked","4098","quarantine",".cleanup-quarantine/2026-05-18/scripts/_rollback/74f89154-6f3c-4fb3-9198-30adfe0ba7be.before.json"
"scripts/_rollback/754cfd64-e0dd-4abc-af36-83fab96bafe6.before.json","untracked","4170","quarantine",".cleanup-quarantine/2026-05-18/scripts/_rollback/754cfd64-e0dd-4abc-af36-83fab96bafe6.before.json"
"scripts/_rollback/77298f89-2b39-4da1-bee3-8147ff9858bf.before.json","untracked","4178","quarantine",".cleanup-quarantine/2026-05-18/scripts/_rollback/77298f89-2b39-4da1-bee3-8147ff9858bf.before.json"
"scripts/_rollback/7758ca31-8481-47be-8fb1-f190c0aea531.before.json","untracked","4103","quarantine",".cleanup-quarantine/2026-05-18/scripts/_rollback/7758ca31-8481-47be-8fb1-f190c0aea531.before.json"
"scripts/_rollback/77cc3522-a37e-4ce9-8527-f3facab22fba.before.json","untracked","4101","quarantine",".cleanup-quarantine/2026-05-18/scripts/_rollback/77cc3522-a37e-4ce9-8527-f3facab22fba.before.json"
"scripts/_rollback/77fc767d-180c-47d4-9ea9-4ec6aefbb0aa.before.json","untracked","4172","quarantine",".cleanup-quarantine/2026-05-18/scripts/_rollback/77fc767d-180c-47d4-9ea9-4ec6aefbb0aa.before.json"
"scripts/_rollback/78050d2b-c446-4060-9782-c2130bb402bd.before.json","untracked","4163","quarantine",".cleanup-quarantine/2026-05-18/scripts/_rollback/78050d2b-c446-4060-9782-c2130bb402bd.before.json"
"scripts/_rollback/78c76b56-37c3-4b3e-93da-1929a0add5a1.before.json","untracked","4164","quarantine",".cleanup-quarantine/2026-05-18/scripts/_rollback/78c76b56-37c3-4b3e-93da-1929a0add5a1.before.json"
"scripts/_rollback/78fa1d01-bf66-48bc-9e4d-8f9868a25c93.before.json","untracked","4178","quarantine",".cleanup-quarantine/2026-05-18/scripts/_rollback/78fa1d01-bf66-48bc-9e4d-8f9868a25c93.before.json"
"scripts/_rollback/79861a5b-3ebe-42fb-8a3f-1e8ad69ca558.before.json","untracked","4108","quarantine",".cleanup-quarantine/2026-05-18/scripts/_rollback/79861a5b-3ebe-42fb-8a3f-1e8ad69ca558.before.json"
"scripts/_rollback/79912d5b-f4d7-4b5f-a66f-1f6d24a20c9f.before.json","untracked","4190","quarantine",".cleanup-quarantine/2026-05-18/scripts/_rollback/79912d5b-f4d7-4b5f-a66f-1f6d24a20c9f.before.json"
"scripts/_rollback/7af3714c-0f6e-4d63-acad-114dc73a27fe.before.json","untracked","4165","quarantine",".cleanup-quarantine/2026-05-18/scripts/_rollback/7af3714c-0f6e-4d63-acad-114dc73a27fe.before.json"
"scripts/_rollback/7b27b2b6-832d-4f87-8c59-d9a49c6375b1.before.json","untracked","4166","quarantine",".cleanup-quarantine/2026-05-18/scripts/_rollback/7b27b2b6-832d-4f87-8c59-d9a49c6375b1.before.json"
"scripts/_rollback/7b3dd0c9-475d-44ea-be8b-ed93b056c872.before.json","untracked","4168","quarantine",".cleanup-quarantine/2026-05-18/scripts/_rollback/7b3dd0c9-475d-44ea-be8b-ed93b056c872.before.json"
"scripts/_rollback/7b848b91-7714-4b26-838e-a65e559669a8.before.json","untracked","4117","quarantine",".cleanup-quarantine/2026-05-18/scripts/_rollback/7b848b91-7714-4b26-838e-a65e559669a8.before.json"
"scripts/_rollback/7b8d1ca2-ca06-492a-94ed-12f1a10a2727.before.json","untracked","4104","quarantine",".cleanup-quarantine/2026-05-18/scripts/_rollback/7b8d1ca2-ca06-492a-94ed-12f1a10a2727.before.json"
"scripts/_rollback/7d3f6e7b-d694-43bb-a7a9-1fcd4acd24bc.before.json","untracked","4169","quarantine",".cleanup-quarantine/2026-05-18/scripts/_rollback/7d3f6e7b-d694-43bb-a7a9-1fcd4acd24bc.before.json"
"scripts/_rollback/7d9fda2f-6ba7-4f76-8753-e24f2840bd25.before.json","untracked","4174","quarantine",".cleanup-quarantine/2026-05-18/scripts/_rollback/7d9fda2f-6ba7-4f76-8753-e24f2840bd25.before.json"
"scripts/_rollback/7f332196-5d3d-45f6-826c-5a3e86b286ad.before.json","untracked","4104","quarantine",".cleanup-quarantine/2026-05-18/scripts/_rollback/7f332196-5d3d-45f6-826c-5a3e86b286ad.before.json"
"scripts/_rollback/7feb21ac-509e-43c3-84e4-6f92e996ebe3.before.json","untracked","4168","quarantine",".cleanup-quarantine/2026-05-18/scripts/_rollback/7feb21ac-509e-43c3-84e4-6f92e996ebe3.before.json"
"scripts/_rollback/80791972-974d-4bbe-ac9c-a69010b12989.before.json","untracked","4102","quarantine",".cleanup-quarantine/2026-05-18/scripts/_rollback/80791972-974d-4bbe-ac9c-a69010b12989.before.json"
"scripts/_rollback/807e4848-13e0-478b-9ca2-b088300c0056.before.json","untracked","3883","quarantine",".cleanup-quarantine/2026-05-18/scripts/_rollback/807e4848-13e0-478b-9ca2-b088300c0056.before.json"
"scripts/_rollback/81913b23-be12-45ba-a7b7-04cdb3d517d3.before.json","untracked","4163","quarantine",".cleanup-quarantine/2026-05-18/scripts/_rollback/81913b23-be12-45ba-a7b7-04cdb3d517d3.before.json"
"scripts/_rollback/82f72327-acd1-4e32-a57f-fa3af45c891f.before.json","untracked","4181","quarantine",".cleanup-quarantine/2026-05-18/scripts/_rollback/82f72327-acd1-4e32-a57f-fa3af45c891f.before.json"
"scripts/_rollback/82f74c6c-904a-4012-b658-45f69e3acd3a.before.json","untracked","4185","quarantine",".cleanup-quarantine/2026-05-18/scripts/_rollback/82f74c6c-904a-4012-b658-45f69e3acd3a.before.json"
"scripts/_rollback/83efede2-ad8a-4436-bd35-a375fbffb728.before.json","untracked","4179","quarantine",".cleanup-quarantine/2026-05-18/scripts/_rollback/83efede2-ad8a-4436-bd35-a375fbffb728.before.json"
"scripts/_rollback/8483eaf1-86a8-4a11-bb90-367408fcb841.before.json","untracked","4176","quarantine",".cleanup-quarantine/2026-05-18/scripts/_rollback/8483eaf1-86a8-4a11-bb90-367408fcb841.before.json"
"scripts/_rollback/85413224-9583-43a4-9773-af953a3bd045.before.json","untracked","4169","quarantine",".cleanup-quarantine/2026-05-18/scripts/_rollback/85413224-9583-43a4-9773-af953a3bd045.before.json"
"scripts/_rollback/86ff6b95-df03-4da0-9130-5701d39d1a3e.before.json","untracked","4175","quarantine",".cleanup-quarantine/2026-05-18/scripts/_rollback/86ff6b95-df03-4da0-9130-5701d39d1a3e.before.json"
"scripts/_rollback/87271f21-b79e-41b3-9600-a503d6d22c45.before.json","untracked","4320","quarantine",".cleanup-quarantine/2026-05-18/scripts/_rollback/87271f21-b79e-41b3-9600-a503d6d22c45.before.json"
"scripts/_rollback/87867e92-5bdf-4666-b677-be35cfba0c0d.before.json","untracked","4186","quarantine",".cleanup-quarantine/2026-05-18/scripts/_rollback/87867e92-5bdf-4666-b677-be35cfba0c0d.before.json"
"scripts/_rollback/87f385ce-31b2-4c52-9d24-7f531a5f53e5.before.json","untracked","4106","quarantine",".cleanup-quarantine/2026-05-18/scripts/_rollback/87f385ce-31b2-4c52-9d24-7f531a5f53e5.before.json"
"scripts/_rollback/88c456fd-b5f9-4d25-b0fa-64ed79eeb42c.before.json","untracked","4088","quarantine",".cleanup-quarantine/2026-05-18/scripts/_rollback/88c456fd-b5f9-4d25-b0fa-64ed79eeb42c.before.json"
"scripts/_rollback/8947ee23-cc85-4f71-a73c-2c96be125504.before.json","untracked","4181","quarantine",".cleanup-quarantine/2026-05-18/scripts/_rollback/8947ee23-cc85-4f71-a73c-2c96be125504.before.json"
"scripts/_rollback/8ac02215-b399-4098-8b2a-1414a9cc4279.before.json","untracked","4180","quarantine",".cleanup-quarantine/2026-05-18/scripts/_rollback/8ac02215-b399-4098-8b2a-1414a9cc4279.before.json"
"scripts/_rollback/8ac6e4fe-ec4f-410f-b74c-8ac7fa95bbf7.before.json","untracked","4119","quarantine",".cleanup-quarantine/2026-05-18/scripts/_rollback/8ac6e4fe-ec4f-410f-b74c-8ac7fa95bbf7.before.json"
"scripts/_rollback/8b20ea33-3e6c-4939-9d4b-94cd4aa264f8.before.json","untracked","4161","quarantine",".cleanup-quarantine/2026-05-18/scripts/_rollback/8b20ea33-3e6c-4939-9d4b-94cd4aa264f8.before.json"
"scripts/_rollback/8b6c3fc0-344d-45ec-a387-8948b965d738.before.json","untracked","4167","quarantine",".cleanup-quarantine/2026-05-18/scripts/_rollback/8b6c3fc0-344d-45ec-a387-8948b965d738.before.json"
"scripts/_rollback/8cb39392-56ac-42dd-a58d-3339137dcbdb.before.json","untracked","4097","quarantine",".cleanup-quarantine/2026-05-18/scripts/_rollback/8cb39392-56ac-42dd-a58d-3339137dcbdb.before.json"
"scripts/_rollback/8d715237-fd76-4e8a-8381-0e1188721b2a.before.json","untracked","4110","quarantine",".cleanup-quarantine/2026-05-18/scripts/_rollback/8d715237-fd76-4e8a-8381-0e1188721b2a.before.json"
"scripts/_rollback/8dc9ec65-d4d9-4f7c-a147-1bdc4dec4a53.before.json","untracked","4164","quarantine",".cleanup-quarantine/2026-05-18/scripts/_rollback/8dc9ec65-d4d9-4f7c-a147-1bdc4dec4a53.before.json"
"scripts/_rollback/8e4e31a2-b244-45b9-b2bf-2e0ce1a8fab0.before.json","untracked","4184","quarantine",".cleanup-quarantine/2026-05-18/scripts/_rollback/8e4e31a2-b244-45b9-b2bf-2e0ce1a8fab0.before.json"
"scripts/_rollback/8e93cdb8-5e21-4cbc-bfb5-6436671e89f8.before.json","untracked","4109","quarantine",".cleanup-quarantine/2026-05-18/scripts/_rollback/8e93cdb8-5e21-4cbc-bfb5-6436671e89f8.before.json"
"scripts/_rollback/8ef14b67-87f3-4a3a-8c02-4b327396f332.before.json","untracked","4100","quarantine",".cleanup-quarantine/2026-05-18/scripts/_rollback/8ef14b67-87f3-4a3a-8c02-4b327396f332.before.json"
"scripts/_rollback/8f6f3e4e-f26b-41be-8b0c-e333e9930938.before.json","untracked","4291","quarantine",".cleanup-quarantine/2026-05-18/scripts/_rollback/8f6f3e4e-f26b-41be-8b0c-e333e9930938.before.json"
"scripts/_rollback/910d3140-62ef-4e63-b0d0-27b081867a5f.before.json","untracked","4163","quarantine",".cleanup-quarantine/2026-05-18/scripts/_rollback/910d3140-62ef-4e63-b0d0-27b081867a5f.before.json"
"scripts/_rollback/9175ff6b-8585-47cc-8724-22a94fd1e88f.before.json","untracked","4190","quarantine",".cleanup-quarantine/2026-05-18/scripts/_rollback/9175ff6b-8585-47cc-8724-22a94fd1e88f.before.json"
"scripts/_rollback/92c8d96f-30fb-4280-882b-2c9bb0d7811b.before.json","untracked","4197","quarantine",".cleanup-quarantine/2026-05-18/scripts/_rollback/92c8d96f-30fb-4280-882b-2c9bb0d7811b.before.json"
"scripts/_rollback/936f81e9-0aba-4f2a-9a92-23ff4bae7ed3.before.json","untracked","4106","quarantine",".cleanup-quarantine/2026-05-18/scripts/_rollback/936f81e9-0aba-4f2a-9a92-23ff4bae7ed3.before.json"
"scripts/_rollback/93f3b190-fc06-46ed-9f64-44c9c150eec7.before.json","untracked","4170","quarantine",".cleanup-quarantine/2026-05-18/scripts/_rollback/93f3b190-fc06-46ed-9f64-44c9c150eec7.before.json"
"scripts/_rollback/947b9b2a-bb0f-48c4-b3cd-f6e8646d66a2.before.json","untracked","4101","quarantine",".cleanup-quarantine/2026-05-18/scripts/_rollback/947b9b2a-bb0f-48c4-b3cd-f6e8646d66a2.before.json"
"scripts/_rollback/95c51496-9a05-40ef-a466-e24bb8d396dd.before.json","untracked","4154","quarantine",".cleanup-quarantine/2026-05-18/scripts/_rollback/95c51496-9a05-40ef-a466-e24bb8d396dd.before.json"
"scripts/_rollback/95f785c0-bd38-41dd-a9e5-5243240e4d28.before.json","untracked","4099","quarantine",".cleanup-quarantine/2026-05-18/scripts/_rollback/95f785c0-bd38-41dd-a9e5-5243240e4d28.before.json"
"scripts/_rollback/961365a2-6017-4012-9063-e65bf29c3a3c.before.json","untracked","4160","quarantine",".cleanup-quarantine/2026-05-18/scripts/_rollback/961365a2-6017-4012-9063-e65bf29c3a3c.before.json"
"scripts/_rollback/963f32f9-0309-4dcd-a60f-a6ce332b2546.before.json","untracked","4173","quarantine",".cleanup-quarantine/2026-05-18/scripts/_rollback/963f32f9-0309-4dcd-a60f-a6ce332b2546.before.json"
"scripts/_rollback/96a258ac-bdab-4095-8c37-4c5248c7936e.before.json","untracked","4306","quarantine",".cleanup-quarantine/2026-05-18/scripts/_rollback/96a258ac-bdab-4095-8c37-4c5248c7936e.before.json"
"scripts/_rollback/96ee3fe8-5a9c-464d-86f0-9dd4b34167ae.before.json","untracked","4292","quarantine",".cleanup-quarantine/2026-05-18/scripts/_rollback/96ee3fe8-5a9c-464d-86f0-9dd4b34167ae.before.json"
"scripts/_rollback/97476025-6c42-426d-ba59-42fad905e749.before.json","untracked","4168","quarantine",".cleanup-quarantine/2026-05-18/scripts/_rollback/97476025-6c42-426d-ba59-42fad905e749.before.json"
"scripts/_rollback/97738a98-d145-4639-b70b-77a104dd6881.before.json","untracked","4165","quarantine",".cleanup-quarantine/2026-05-18/scripts/_rollback/97738a98-d145-4639-b70b-77a104dd6881.before.json"
"scripts/_rollback/97d27926-ac1c-4782-b0a7-29f9b55749fc.before.json","untracked","4158","quarantine",".cleanup-quarantine/2026-05-18/scripts/_rollback/97d27926-ac1c-4782-b0a7-29f9b55749fc.before.json"
"scripts/_rollback/9a5afc23-e417-478d-8d93-dca9413919fa.before.json","untracked","4167","quarantine",".cleanup-quarantine/2026-05-18/scripts/_rollback/9a5afc23-e417-478d-8d93-dca9413919fa.before.json"
"scripts/_rollback/9bc47001-9a5d-4347-9d52-73a67a470e15.before.json","untracked","4103","quarantine",".cleanup-quarantine/2026-05-18/scripts/_rollback/9bc47001-9a5d-4347-9d52-73a67a470e15.before.json"
"scripts/_rollback/9c419dae-c7cb-497a-9415-1a2e3b2ec6ee.before.json","untracked","4185","quarantine",".cleanup-quarantine/2026-05-18/scripts/_rollback/9c419dae-c7cb-497a-9415-1a2e3b2ec6ee.before.json"
"scripts/_rollback/9d426e11-2d4c-4d8b-b716-f280dd7de394.before.json","untracked","4110","quarantine",".cleanup-quarantine/2026-05-18/scripts/_rollback/9d426e11-2d4c-4d8b-b716-f280dd7de394.before.json"
"scripts/_rollback/9dab2003-1469-46ce-a9e6-ceece823c2fc.before.json","untracked","4113","quarantine",".cleanup-quarantine/2026-05-18/scripts/_rollback/9dab2003-1469-46ce-a9e6-ceece823c2fc.before.json"
"scripts/_rollback/9dcd6f48-2051-4d85-a545-60433c674b2d.before.json","untracked","4151","quarantine",".cleanup-quarantine/2026-05-18/scripts/_rollback/9dcd6f48-2051-4d85-a545-60433c674b2d.before.json"
"scripts/_rollback/9e22cffe-2b68-458a-8a75-6f85e4533156.before.json","untracked","4182","quarantine",".cleanup-quarantine/2026-05-18/scripts/_rollback/9e22cffe-2b68-458a-8a75-6f85e4533156.before.json"
"scripts/_rollback/9e341387-e12f-4157-b29e-89c5624b1301.before.json","untracked","4171","quarantine",".cleanup-quarantine/2026-05-18/scripts/_rollback/9e341387-e12f-4157-b29e-89c5624b1301.before.json"
"scripts/_rollback/9e857852-eedb-4c97-9945-d4266464fa03.before.json","untracked","4108","quarantine",".cleanup-quarantine/2026-05-18/scripts/_rollback/9e857852-eedb-4c97-9945-d4266464fa03.before.json"
"scripts/_rollback/9f1d8b80-befa-4391-b099-232fe8dec0b8.before.json","untracked","4304","quarantine",".cleanup-quarantine/2026-05-18/scripts/_rollback/9f1d8b80-befa-4391-b099-232fe8dec0b8.before.json"
"scripts/_rollback/9f8803f1-56cb-4929-9bc8-db222c2fc3a8.before.json","untracked","4174","quarantine",".cleanup-quarantine/2026-05-18/scripts/_rollback/9f8803f1-56cb-4929-9bc8-db222c2fc3a8.before.json"
"scripts/_rollback/9fd547be-b665-453c-8030-95dbea0b14cb.before.json","untracked","4185","quarantine",".cleanup-quarantine/2026-05-18/scripts/_rollback/9fd547be-b665-453c-8030-95dbea0b14cb.before.json"
"scripts/_rollback/9ff7d8a5-035e-4efa-8464-854feec533ec.before.json","untracked","4180","quarantine",".cleanup-quarantine/2026-05-18/scripts/_rollback/9ff7d8a5-035e-4efa-8464-854feec533ec.before.json"
"scripts/_rollback/a053bbba-14a3-41b4-bc03-243aedd2c71d.before.json","untracked","3873","quarantine",".cleanup-quarantine/2026-05-18/scripts/_rollback/a053bbba-14a3-41b4-bc03-243aedd2c71d.before.json"
"scripts/_rollback/a0e32707-0e3d-4455-b32c-ebb91ef2aeb2.before.json","untracked","4107","quarantine",".cleanup-quarantine/2026-05-18/scripts/_rollback/a0e32707-0e3d-4455-b32c-ebb91ef2aeb2.before.json"
"scripts/_rollback/a1317f76-d736-40ee-9867-0a29277306ae.before.json","untracked","4183","quarantine",".cleanup-quarantine/2026-05-18/scripts/_rollback/a1317f76-d736-40ee-9867-0a29277306ae.before.json"
"scripts/_rollback/a14f0d63-6919-4dcc-a245-eeaaef3e5b79.before.json","untracked","4172","quarantine",".cleanup-quarantine/2026-05-18/scripts/_rollback/a14f0d63-6919-4dcc-a245-eeaaef3e5b79.before.json"
"scripts/_rollback/a19fbff0-2b14-4e81-82f7-ca5a62c2b546.before.json","untracked","4150","quarantine",".cleanup-quarantine/2026-05-18/scripts/_rollback/a19fbff0-2b14-4e81-82f7-ca5a62c2b546.before.json"
"scripts/_rollback/a2d71b92-c34e-4901-8acb-454fa923a2c1.before.json","untracked","4174","quarantine",".cleanup-quarantine/2026-05-18/scripts/_rollback/a2d71b92-c34e-4901-8acb-454fa923a2c1.before.json"
"scripts/_rollback/a428bfdb-e50c-4d6d-98e6-eb739625ef7c.before.json","untracked","4169","quarantine",".cleanup-quarantine/2026-05-18/scripts/_rollback/a428bfdb-e50c-4d6d-98e6-eb739625ef7c.before.json"
"scripts/_rollback/a489dbc5-cb8f-4109-a825-a319c14b8c15.before.json","untracked","4103","quarantine",".cleanup-quarantine/2026-05-18/scripts/_rollback/a489dbc5-cb8f-4109-a825-a319c14b8c15.before.json"
"scripts/_rollback/a5a154e1-7300-40fb-8fc6-0d41c76c3e86.before.json","untracked","4177","quarantine",".cleanup-quarantine/2026-05-18/scripts/_rollback/a5a154e1-7300-40fb-8fc6-0d41c76c3e86.before.json"
"scripts/_rollback/a5ad0c7c-5c31-41b2-9a69-9878bdcaa0bb.before.json","untracked","4186","quarantine",".cleanup-quarantine/2026-05-18/scripts/_rollback/a5ad0c7c-5c31-41b2-9a69-9878bdcaa0bb.before.json"
"scripts/_rollback/a5dcce1a-a1fa-46e7-a10a-a97bb6f2f2ab.before.json","untracked","4300","quarantine",".cleanup-quarantine/2026-05-18/scripts/_rollback/a5dcce1a-a1fa-46e7-a10a-a97bb6f2f2ab.before.json"
"scripts/_rollback/a68aca1b-9eb7-4c8d-9fe9-0f4fbcf2fb6e.before.json","untracked","4101","quarantine",".cleanup-quarantine/2026-05-18/scripts/_rollback/a68aca1b-9eb7-4c8d-9fe9-0f4fbcf2fb6e.before.json"
"scripts/_rollback/a6b5eabc-dd4c-4b77-9b39-0372cd1ed098.before.json","untracked","4172","quarantine",".cleanup-quarantine/2026-05-18/scripts/_rollback/a6b5eabc-dd4c-4b77-9b39-0372cd1ed098.before.json"
"scripts/_rollback/a78fcd0f-18fa-4563-9810-f72216943b7a.before.json","untracked","4183","quarantine",".cleanup-quarantine/2026-05-18/scripts/_rollback/a78fcd0f-18fa-4563-9810-f72216943b7a.before.json"
"scripts/_rollback/a8c2acbb-92ee-4f48-9204-1752f01d2b98.before.json","untracked","4103","quarantine",".cleanup-quarantine/2026-05-18/scripts/_rollback/a8c2acbb-92ee-4f48-9204-1752f01d2b98.before.json"
"scripts/_rollback/a8e39bd2-b79c-439c-bf02-4284bef6665d.before.json","untracked","4169","quarantine",".cleanup-quarantine/2026-05-18/scripts/_rollback/a8e39bd2-b79c-439c-bf02-4284bef6665d.before.json"
"scripts/_rollback/a96140c6-57f7-4beb-8adf-19212080ebf4.before.json","untracked","4163","quarantine",".cleanup-quarantine/2026-05-18/scripts/_rollback/a96140c6-57f7-4beb-8adf-19212080ebf4.before.json"
"scripts/_rollback/a9e6218b-dc0b-41e1-9b07-8658e13874ac.before.json","untracked","4186","quarantine",".cleanup-quarantine/2026-05-18/scripts/_rollback/a9e6218b-dc0b-41e1-9b07-8658e13874ac.before.json"
"scripts/_rollback/aa2c1bd7-ff95-4728-abb9-d1fa83c30870.before.json","untracked","4163","quarantine",".cleanup-quarantine/2026-05-18/scripts/_rollback/aa2c1bd7-ff95-4728-abb9-d1fa83c30870.before.json"
"scripts/_rollback/acf18a40-fed7-4dca-bf59-0eb57ab036e4.before.json","untracked","4168","quarantine",".cleanup-quarantine/2026-05-18/scripts/_rollback/acf18a40-fed7-4dca-bf59-0eb57ab036e4.before.json"
"scripts/_rollback/ada664d1-ed14-431e-a01d-2a976facdf4e.before.json","untracked","4193","quarantine",".cleanup-quarantine/2026-05-18/scripts/_rollback/ada664d1-ed14-431e-a01d-2a976facdf4e.before.json"
"scripts/_rollback/adca2069-d122-4776-aacc-2f63a1a88a08.before.json","untracked","4102","quarantine",".cleanup-quarantine/2026-05-18/scripts/_rollback/adca2069-d122-4776-aacc-2f63a1a88a08.before.json"
"scripts/_rollback/ae4d6df9-6e0b-4a4b-b4e6-faf9576cc27c.before.json","untracked","4174","quarantine",".cleanup-quarantine/2026-05-18/scripts/_rollback/ae4d6df9-6e0b-4a4b-b4e6-faf9576cc27c.before.json"
"scripts/_rollback/aeb5090e-9ef9-44f9-8876-cd3438cbf96a.before.json","untracked","4171","quarantine",".cleanup-quarantine/2026-05-18/scripts/_rollback/aeb5090e-9ef9-44f9-8876-cd3438cbf96a.before.json"
"scripts/_rollback/b03606e5-dd03-4d62-9bbd-fee2b1b83a3b.before.json","untracked","4167","quarantine",".cleanup-quarantine/2026-05-18/scripts/_rollback/b03606e5-dd03-4d62-9bbd-fee2b1b83a3b.before.json"
"scripts/_rollback/b0a649c2-0c60-4011-bbfe-8da8428fc7f9.before.json","untracked","4171","quarantine",".cleanup-quarantine/2026-05-18/scripts/_rollback/b0a649c2-0c60-4011-bbfe-8da8428fc7f9.before.json"
"scripts/_rollback/b10770ed-8f0d-42fa-969a-ad9c9fd0be00.before.json","untracked","4162","quarantine",".cleanup-quarantine/2026-05-18/scripts/_rollback/b10770ed-8f0d-42fa-969a-ad9c9fd0be00.before.json"
"scripts/_rollback/b3590db2-d71c-4bda-8603-725ab3703ebe.before.json","untracked","4170","quarantine",".cleanup-quarantine/2026-05-18/scripts/_rollback/b3590db2-d71c-4bda-8603-725ab3703ebe.before.json"
"scripts/_rollback/b3988e5c-d689-496b-89ed-e2d4448ec8b1.before.json","untracked","4299","quarantine",".cleanup-quarantine/2026-05-18/scripts/_rollback/b3988e5c-d689-496b-89ed-e2d4448ec8b1.before.json"
"scripts/_rollback/b3fe7d61-53c7-46d0-8a8c-4f74501bc568.before.json","untracked","4168","quarantine",".cleanup-quarantine/2026-05-18/scripts/_rollback/b3fe7d61-53c7-46d0-8a8c-4f74501bc568.before.json"
"scripts/_rollback/b43b0456-f194-42c7-8b63-f021ca4bf3a4.before.json","untracked","4098","quarantine",".cleanup-quarantine/2026-05-18/scripts/_rollback/b43b0456-f194-42c7-8b63-f021ca4bf3a4.before.json"
"scripts/_rollback/b57fcb06-1f84-4d1f-8eea-3769cb1b736e.before.json","untracked","4168","quarantine",".cleanup-quarantine/2026-05-18/scripts/_rollback/b57fcb06-1f84-4d1f-8eea-3769cb1b736e.before.json"
"scripts/_rollback/b59234ac-3686-40cb-ae59-9fd85be6ea4e.before.json","untracked","4163","quarantine",".cleanup-quarantine/2026-05-18/scripts/_rollback/b59234ac-3686-40cb-ae59-9fd85be6ea4e.before.json"
"scripts/_rollback/b67928b8-14c3-4853-9b19-84d9ed30be78.before.json","untracked","4185","quarantine",".cleanup-quarantine/2026-05-18/scripts/_rollback/b67928b8-14c3-4853-9b19-84d9ed30be78.before.json"
"scripts/_rollback/b7177923-292d-4232-a67d-6eac5653d508.before.json","untracked","4113","quarantine",".cleanup-quarantine/2026-05-18/scripts/_rollback/b7177923-292d-4232-a67d-6eac5653d508.before.json"
"scripts/_rollback/b73b086d-2e1b-4a67-b70c-4c8da087d322.before.json","untracked","4191","quarantine",".cleanup-quarantine/2026-05-18/scripts/_rollback/b73b086d-2e1b-4a67-b70c-4c8da087d322.before.json"
"scripts/_rollback/b7921004-1af3-4cdc-a5c1-b776533f03f5.before.json","untracked","4298","quarantine",".cleanup-quarantine/2026-05-18/scripts/_rollback/b7921004-1af3-4cdc-a5c1-b776533f03f5.before.json"
"scripts/_rollback/ba2970db-e446-4457-990d-98a70596dc2b.before.json","untracked","4162","quarantine",".cleanup-quarantine/2026-05-18/scripts/_rollback/ba2970db-e446-4457-990d-98a70596dc2b.before.json"
"scripts/_rollback/baa6a8f0-c237-4f99-8a56-519edcf63d3d.before.json","untracked","4126","quarantine",".cleanup-quarantine/2026-05-18/scripts/_rollback/baa6a8f0-c237-4f99-8a56-519edcf63d3d.before.json"
"scripts/_rollback/bb089a74-dab3-44a8-91ba-7d159e167328.before.json","untracked","4173","quarantine",".cleanup-quarantine/2026-05-18/scripts/_rollback/bb089a74-dab3-44a8-91ba-7d159e167328.before.json"
"scripts/_rollback/bb4daed8-f5d0-4a8c-9885-b9ee322cd13d.before.json","untracked","4163","quarantine",".cleanup-quarantine/2026-05-18/scripts/_rollback/bb4daed8-f5d0-4a8c-9885-b9ee322cd13d.before.json"
"scripts/_rollback/bbb2a6a1-2d3f-4dc4-bbd9-e902dc6c2dd0.before.json","untracked","4163","quarantine",".cleanup-quarantine/2026-05-18/scripts/_rollback/bbb2a6a1-2d3f-4dc4-bbd9-e902dc6c2dd0.before.json"
"scripts/_rollback/bd349e48-4741-403d-8feb-3fd68aefbcde.before.json","untracked","4105","quarantine",".cleanup-quarantine/2026-05-18/scripts/_rollback/bd349e48-4741-403d-8feb-3fd68aefbcde.before.json"
"scripts/_rollback/bd439dae-2d5a-4bd1-bb5b-71299ecc0600.before.json","untracked","4091","quarantine",".cleanup-quarantine/2026-05-18/scripts/_rollback/bd439dae-2d5a-4bd1-bb5b-71299ecc0600.before.json"
"scripts/_rollback/bdd463ac-b119-4e25-a03d-f52a72c57c57.before.json","untracked","4299","quarantine",".cleanup-quarantine/2026-05-18/scripts/_rollback/bdd463ac-b119-4e25-a03d-f52a72c57c57.before.json"
"scripts/_rollback/be4eedcf-15e0-4324-99c6-058bb7de0a8e.before.json","untracked","4161","quarantine",".cleanup-quarantine/2026-05-18/scripts/_rollback/be4eedcf-15e0-4324-99c6-058bb7de0a8e.before.json"
"scripts/_rollback/c24bd4e6-4b6b-489b-9f0e-70a9788d955c.before.json","untracked","4299","quarantine",".cleanup-quarantine/2026-05-18/scripts/_rollback/c24bd4e6-4b6b-489b-9f0e-70a9788d955c.before.json"
"scripts/_rollback/c265c85f-266d-4d4d-a220-05e11bdf4f9f.before.json","untracked","4170","quarantine",".cleanup-quarantine/2026-05-18/scripts/_rollback/c265c85f-266d-4d4d-a220-05e11bdf4f9f.before.json"
"scripts/_rollback/c26ba987-000f-40a3-81f9-421833bbe898.before.json","untracked","4179","quarantine",".cleanup-quarantine/2026-05-18/scripts/_rollback/c26ba987-000f-40a3-81f9-421833bbe898.before.json"
"scripts/_rollback/c2f6ac13-ace7-4ba7-8041-51915504739f.before.json","untracked","4173","quarantine",".cleanup-quarantine/2026-05-18/scripts/_rollback/c2f6ac13-ace7-4ba7-8041-51915504739f.before.json"
"scripts/_rollback/c2ffb9eb-0850-4f39-ad3d-6e178177a453.before.json","untracked","4165","quarantine",".cleanup-quarantine/2026-05-18/scripts/_rollback/c2ffb9eb-0850-4f39-ad3d-6e178177a453.before.json"
"scripts/_rollback/c39cec13-e4f0-41fa-8c61-71e47bb58568.before.json","untracked","4174","quarantine",".cleanup-quarantine/2026-05-18/scripts/_rollback/c39cec13-e4f0-41fa-8c61-71e47bb58568.before.json"
"scripts/_rollback/c3ed73e8-c774-47c4-98f8-1fa5c8c5c18a.before.json","untracked","4177","quarantine",".cleanup-quarantine/2026-05-18/scripts/_rollback/c3ed73e8-c774-47c4-98f8-1fa5c8c5c18a.before.json"
"scripts/_rollback/c56a0446-d877-4811-bb4f-c508f681b61a.before.json","untracked","4170","quarantine",".cleanup-quarantine/2026-05-18/scripts/_rollback/c56a0446-d877-4811-bb4f-c508f681b61a.before.json"
"scripts/_rollback/c5984b76-dded-4b15-b6ab-bbbfa90c31e6.before.json","untracked","4102","quarantine",".cleanup-quarantine/2026-05-18/scripts/_rollback/c5984b76-dded-4b15-b6ab-bbbfa90c31e6.before.json"
"scripts/_rollback/c6b7bf49-a04a-419f-a49d-6cbef86332f2.before.json","untracked","3824","quarantine",".cleanup-quarantine/2026-05-18/scripts/_rollback/c6b7bf49-a04a-419f-a49d-6cbef86332f2.before.json"
"scripts/_rollback/c76d237e-b1a9-4bff-8ea0-9c603090fd6b.before.json","untracked","4160","quarantine",".cleanup-quarantine/2026-05-18/scripts/_rollback/c76d237e-b1a9-4bff-8ea0-9c603090fd6b.before.json"
"scripts/_rollback/c8ab30dc-d37a-4c16-b6da-6353d9fbd52f.before.json","untracked","4178","quarantine",".cleanup-quarantine/2026-05-18/scripts/_rollback/c8ab30dc-d37a-4c16-b6da-6353d9fbd52f.before.json"
"scripts/_rollback/c8b372b0-9434-433e-9e75-666865fe44c0.before.json","untracked","4181","quarantine",".cleanup-quarantine/2026-05-18/scripts/_rollback/c8b372b0-9434-433e-9e75-666865fe44c0.before.json"
"scripts/_rollback/c976edf1-b6a8-42c6-aa99-418859b44fd1.before.json","untracked","4177","quarantine",".cleanup-quarantine/2026-05-18/scripts/_rollback/c976edf1-b6a8-42c6-aa99-418859b44fd1.before.json"
"scripts/_rollback/ca7eb5bd-b9ae-4439-9eb8-96a4a10be921.before.json","untracked","4101","quarantine",".cleanup-quarantine/2026-05-18/scripts/_rollback/ca7eb5bd-b9ae-4439-9eb8-96a4a10be921.before.json"
"scripts/_rollback/cafeb9ee-24a7-4e76-aefc-dd1b58fb7da2.before.json","untracked","4095","quarantine",".cleanup-quarantine/2026-05-18/scripts/_rollback/cafeb9ee-24a7-4e76-aefc-dd1b58fb7da2.before.json"
"scripts/_rollback/cb0dd213-103e-43cb-96ad-20ce309e1dbe.before.json","untracked","4173","quarantine",".cleanup-quarantine/2026-05-18/scripts/_rollback/cb0dd213-103e-43cb-96ad-20ce309e1dbe.before.json"
"scripts/_rollback/cb75c0a3-438a-49f4-a521-da9eae9230e2.before.json","untracked","4194","quarantine",".cleanup-quarantine/2026-05-18/scripts/_rollback/cb75c0a3-438a-49f4-a521-da9eae9230e2.before.json"
"scripts/_rollback/cd133b00-83a5-4697-a2e9-2c82eb23103f.before.json","untracked","4178","quarantine",".cleanup-quarantine/2026-05-18/scripts/_rollback/cd133b00-83a5-4697-a2e9-2c82eb23103f.before.json"
"scripts/_rollback/cd304f24-b969-46e5-83f9-a59c0dfba492.before.json","untracked","4165","quarantine",".cleanup-quarantine/2026-05-18/scripts/_rollback/cd304f24-b969-46e5-83f9-a59c0dfba492.before.json"
"scripts/_rollback/cdd21f33-a8eb-4e01-9fd6-1d0aec2701d6.before.json","untracked","4181","quarantine",".cleanup-quarantine/2026-05-18/scripts/_rollback/cdd21f33-a8eb-4e01-9fd6-1d0aec2701d6.before.json"
"scripts/_rollback/ce058c41-7a8d-4504-acc9-338e1ac0be6e.before.json","untracked","4166","quarantine",".cleanup-quarantine/2026-05-18/scripts/_rollback/ce058c41-7a8d-4504-acc9-338e1ac0be6e.before.json"
"scripts/_rollback/cee6771a-52ba-4a17-a81d-48b7a87749f2.before.json","untracked","4193","quarantine",".cleanup-quarantine/2026-05-18/scripts/_rollback/cee6771a-52ba-4a17-a81d-48b7a87749f2.before.json"
"scripts/_rollback/d0f2f494-d20c-4b69-b5dd-ee2ca016456b.before.json","untracked","4169","quarantine",".cleanup-quarantine/2026-05-18/scripts/_rollback/d0f2f494-d20c-4b69-b5dd-ee2ca016456b.before.json"
"scripts/_rollback/d1700295-4dfa-42bb-b4e0-337abaa5db50.before.json","untracked","4173","quarantine",".cleanup-quarantine/2026-05-18/scripts/_rollback/d1700295-4dfa-42bb-b4e0-337abaa5db50.before.json"
"scripts/_rollback/d19ac937-28f2-47f1-97af-73cc959d0427.before.json","untracked","4153","quarantine",".cleanup-quarantine/2026-05-18/scripts/_rollback/d19ac937-28f2-47f1-97af-73cc959d0427.before.json"
"scripts/_rollback/d2b924b4-cd9e-44e8-b5b8-4d0b03aa717d.before.json","untracked","4171","quarantine",".cleanup-quarantine/2026-05-18/scripts/_rollback/d2b924b4-cd9e-44e8-b5b8-4d0b03aa717d.before.json"
"scripts/_rollback/d3137ac5-31b3-48e0-a04c-4deae9a02871.before.json","untracked","4118","quarantine",".cleanup-quarantine/2026-05-18/scripts/_rollback/d3137ac5-31b3-48e0-a04c-4deae9a02871.before.json"
"scripts/_rollback/d417ab85-3fb9-4c09-b4d9-1e544732520f.before.json","untracked","4099","quarantine",".cleanup-quarantine/2026-05-18/scripts/_rollback/d417ab85-3fb9-4c09-b4d9-1e544732520f.before.json"
"scripts/_rollback/d45df652-d510-4c82-997a-de32f7af3413.before.json","untracked","4171","quarantine",".cleanup-quarantine/2026-05-18/scripts/_rollback/d45df652-d510-4c82-997a-de32f7af3413.before.json"
"scripts/_rollback/d4a40ad3-4d69-4b55-a6ce-d2e23d5ba429.before.json","untracked","4101","quarantine",".cleanup-quarantine/2026-05-18/scripts/_rollback/d4a40ad3-4d69-4b55-a6ce-d2e23d5ba429.before.json"
"scripts/_rollback/d4b0ed46-509f-4213-84c0-e1d385592a2c.before.json","untracked","4157","quarantine",".cleanup-quarantine/2026-05-18/scripts/_rollback/d4b0ed46-509f-4213-84c0-e1d385592a2c.before.json"
"scripts/_rollback/d4bf780e-2c0b-4cd2-aa29-55161f62a8be.before.json","untracked","4174","quarantine",".cleanup-quarantine/2026-05-18/scripts/_rollback/d4bf780e-2c0b-4cd2-aa29-55161f62a8be.before.json"
"scripts/_rollback/d54e24d8-ad8e-440e-bc6f-24c4d16a09b0.before.json","untracked","4108","quarantine",".cleanup-quarantine/2026-05-18/scripts/_rollback/d54e24d8-ad8e-440e-bc6f-24c4d16a09b0.before.json"
"scripts/_rollback/d5711a3e-42a1-450b-8a02-80082f6c9c4a.before.json","untracked","4168","quarantine",".cleanup-quarantine/2026-05-18/scripts/_rollback/d5711a3e-42a1-450b-8a02-80082f6c9c4a.before.json"
"scripts/_rollback/d61c89db-c82f-4973-b68e-9b655c60ff3c.before.json","untracked","4167","quarantine",".cleanup-quarantine/2026-05-18/scripts/_rollback/d61c89db-c82f-4973-b68e-9b655c60ff3c.before.json"
"scripts/_rollback/d77d9168-dbb9-4b78-9d0e-92a6db5b30b1.before.json","untracked","4170","quarantine",".cleanup-quarantine/2026-05-18/scripts/_rollback/d77d9168-dbb9-4b78-9d0e-92a6db5b30b1.before.json"
"scripts/_rollback/d88399da-b558-4c47-abc6-5edd46f2baba.before.json","untracked","4102","quarantine",".cleanup-quarantine/2026-05-18/scripts/_rollback/d88399da-b558-4c47-abc6-5edd46f2baba.before.json"
"scripts/_rollback/d89820f1-edc2-4c0d-9b8d-dd37149b5ae8.before.json","untracked","4168","quarantine",".cleanup-quarantine/2026-05-18/scripts/_rollback/d89820f1-edc2-4c0d-9b8d-dd37149b5ae8.before.json"
"scripts/_rollback/db814cdd-2bc2-4499-8157-c5e32a254a50.before.json","untracked","4090","quarantine",".cleanup-quarantine/2026-05-18/scripts/_rollback/db814cdd-2bc2-4499-8157-c5e32a254a50.before.json"
"scripts/_rollback/dc5589f1-91e9-44e4-acb5-a999c434cd07.before.json","untracked","4165","quarantine",".cleanup-quarantine/2026-05-18/scripts/_rollback/dc5589f1-91e9-44e4-acb5-a999c434cd07.before.json"
"scripts/_rollback/dd75ab61-834a-4490-b4b9-ea8a573e2a40.before.json","untracked","4161","quarantine",".cleanup-quarantine/2026-05-18/scripts/_rollback/dd75ab61-834a-4490-b4b9-ea8a573e2a40.before.json"
"scripts/_rollback/de245cf4-30a9-422c-ad74-6f8c886605ef.before.json","untracked","4176","quarantine",".cleanup-quarantine/2026-05-18/scripts/_rollback/de245cf4-30a9-422c-ad74-6f8c886605ef.before.json"
"scripts/_rollback/de4f3ab8-3c2a-4fa7-9786-2030281ada56.before.json","untracked","4110","quarantine",".cleanup-quarantine/2026-05-18/scripts/_rollback/de4f3ab8-3c2a-4fa7-9786-2030281ada56.before.json"
"scripts/_rollback/defbdc83-10ea-48d0-ad3c-cff6b427e711.before.json","untracked","4097","quarantine",".cleanup-quarantine/2026-05-18/scripts/_rollback/defbdc83-10ea-48d0-ad3c-cff6b427e711.before.json"
"scripts/_rollback/df9728aa-05f3-4f01-a004-a0b2ac72cdd2.before.json","untracked","4153","quarantine",".cleanup-quarantine/2026-05-18/scripts/_rollback/df9728aa-05f3-4f01-a004-a0b2ac72cdd2.before.json"
"scripts/_rollback/dfe25781-9323-4b11-8694-aed73b531fc2.before.json","untracked","4107","quarantine",".cleanup-quarantine/2026-05-18/scripts/_rollback/dfe25781-9323-4b11-8694-aed73b531fc2.before.json"
"scripts/_rollback/e14c06cb-ddd9-4d79-b0a6-831e0482d63d.before.json","untracked","4155","quarantine",".cleanup-quarantine/2026-05-18/scripts/_rollback/e14c06cb-ddd9-4d79-b0a6-831e0482d63d.before.json"
"scripts/_rollback/e181c06f-4589-4832-abeb-a1cbd29b17c8.before.json","untracked","4172","quarantine",".cleanup-quarantine/2026-05-18/scripts/_rollback/e181c06f-4589-4832-abeb-a1cbd29b17c8.before.json"
"scripts/_rollback/e3d32b5d-f537-48c4-92bf-050cf0e836d3.before.json","untracked","4015","quarantine",".cleanup-quarantine/2026-05-18/scripts/_rollback/e3d32b5d-f537-48c4-92bf-050cf0e836d3.before.json"
"scripts/_rollback/e47c3d26-df8f-45c6-890c-c0eae86c7d2b.before.json","untracked","4090","quarantine",".cleanup-quarantine/2026-05-18/scripts/_rollback/e47c3d26-df8f-45c6-890c-c0eae86c7d2b.before.json"
"scripts/_rollback/e4bbd552-8fb8-46bb-824c-43389424a562.before.json","untracked","4174","quarantine",".cleanup-quarantine/2026-05-18/scripts/_rollback/e4bbd552-8fb8-46bb-824c-43389424a562.before.json"
"scripts/_rollback/e4c15b94-d8b9-4bc6-a90d-2d782392c8ae.before.json","untracked","4108","quarantine",".cleanup-quarantine/2026-05-18/scripts/_rollback/e4c15b94-d8b9-4bc6-a90d-2d782392c8ae.before.json"
"scripts/_rollback/e4e72937-c9ee-48c9-a769-51ed2733564f.before.json","untracked","4175","quarantine",".cleanup-quarantine/2026-05-18/scripts/_rollback/e4e72937-c9ee-48c9-a769-51ed2733564f.before.json"
"scripts/_rollback/e577cd00-ad51-45b0-86e3-c914f9b154c1.before.json","untracked","4161","quarantine",".cleanup-quarantine/2026-05-18/scripts/_rollback/e577cd00-ad51-45b0-86e3-c914f9b154c1.before.json"
"scripts/_rollback/e84216d8-644a-4e60-8856-0f0130ab56e7.before.json","untracked","4181","quarantine",".cleanup-quarantine/2026-05-18/scripts/_rollback/e84216d8-644a-4e60-8856-0f0130ab56e7.before.json"
"scripts/_rollback/e8759d55-803c-4d0b-9922-f4fb7e254214.before.json","untracked","4108","quarantine",".cleanup-quarantine/2026-05-18/scripts/_rollback/e8759d55-803c-4d0b-9922-f4fb7e254214.before.json"
"scripts/_rollback/e8af1d2e-0ce7-4d7b-a701-a4ca5b43c264.before.json","untracked","4111","quarantine",".cleanup-quarantine/2026-05-18/scripts/_rollback/e8af1d2e-0ce7-4d7b-a701-a4ca5b43c264.before.json"
"scripts/_rollback/e8c25b4b-3f49-4b43-acdf-187f19da5ac9.before.json","untracked","4193","quarantine",".cleanup-quarantine/2026-05-18/scripts/_rollback/e8c25b4b-3f49-4b43-acdf-187f19da5ac9.before.json"
"scripts/_rollback/ea33d1ac-8cd7-4e1c-8ac9-3cec150b6494.before.json","untracked","4102","quarantine",".cleanup-quarantine/2026-05-18/scripts/_rollback/ea33d1ac-8cd7-4e1c-8ac9-3cec150b6494.before.json"
"scripts/_rollback/ea44f232-158e-4b67-b6e9-8184c57c388f.before.json","untracked","4107","quarantine",".cleanup-quarantine/2026-05-18/scripts/_rollback/ea44f232-158e-4b67-b6e9-8184c57c388f.before.json"
"scripts/_rollback/ea659b2b-cf7c-4a4f-b484-4661922ec6bc.before.json","untracked","4107","quarantine",".cleanup-quarantine/2026-05-18/scripts/_rollback/ea659b2b-cf7c-4a4f-b484-4661922ec6bc.before.json"
"scripts/_rollback/eaed1af4-4284-41c6-a294-77ea9096aec3.before.json","untracked","4092","quarantine",".cleanup-quarantine/2026-05-18/scripts/_rollback/eaed1af4-4284-41c6-a294-77ea9096aec3.before.json"
"scripts/_rollback/ec8c340a-2451-49f6-aa2f-e2c61d555414.before.json","untracked","4108","quarantine",".cleanup-quarantine/2026-05-18/scripts/_rollback/ec8c340a-2451-49f6-aa2f-e2c61d555414.before.json"
"scripts/_rollback/ed0f9731-a111-4256-8151-346771a4d60b.before.json","untracked","4166","quarantine",".cleanup-quarantine/2026-05-18/scripts/_rollback/ed0f9731-a111-4256-8151-346771a4d60b.before.json"
"scripts/_rollback/eee6f069-24ba-489c-8d22-0e85abcb33c0.before.json","untracked","4157","quarantine",".cleanup-quarantine/2026-05-18/scripts/_rollback/eee6f069-24ba-489c-8d22-0e85abcb33c0.before.json"
"scripts/_rollback/ef0c58db-c5b8-4751-acf8-96561192207f.before.json","untracked","4184","quarantine",".cleanup-quarantine/2026-05-18/scripts/_rollback/ef0c58db-c5b8-4751-acf8-96561192207f.before.json"
"scripts/_rollback/ef353185-5fdf-4bf2-9a65-52fba54a0d29.before.json","untracked","4169","quarantine",".cleanup-quarantine/2026-05-18/scripts/_rollback/ef353185-5fdf-4bf2-9a65-52fba54a0d29.before.json"
"scripts/_rollback/ef4deb48-3267-4f88-b01a-e5956d884245.before.json","untracked","4184","quarantine",".cleanup-quarantine/2026-05-18/scripts/_rollback/ef4deb48-3267-4f88-b01a-e5956d884245.before.json"
"scripts/_rollback/ef977504-063a-4ded-810a-1b1686934cdf.before.json","untracked","4094","quarantine",".cleanup-quarantine/2026-05-18/scripts/_rollback/ef977504-063a-4ded-810a-1b1686934cdf.before.json"
"scripts/_rollback/efa3598a-a664-4075-bc71-06063e3d66d8.before.json","untracked","4169","quarantine",".cleanup-quarantine/2026-05-18/scripts/_rollback/efa3598a-a664-4075-bc71-06063e3d66d8.before.json"
"scripts/_rollback/efb49209-af60-442e-9c53-462a9446a7d5.before.json","untracked","4107","quarantine",".cleanup-quarantine/2026-05-18/scripts/_rollback/efb49209-af60-442e-9c53-462a9446a7d5.before.json"
"scripts/_rollback/eff55021-b84e-47e0-96af-a747208b5cab.before.json","untracked","4184","quarantine",".cleanup-quarantine/2026-05-18/scripts/_rollback/eff55021-b84e-47e0-96af-a747208b5cab.before.json"
"scripts/_rollback/f0321700-3de7-4ca1-8496-d9d6c15ba19a.before.json","untracked","4168","quarantine",".cleanup-quarantine/2026-05-18/scripts/_rollback/f0321700-3de7-4ca1-8496-d9d6c15ba19a.before.json"
"scripts/_rollback/f08301fc-37ef-4ab6-81d8-75e9b6269c91.before.json","untracked","4167","quarantine",".cleanup-quarantine/2026-05-18/scripts/_rollback/f08301fc-37ef-4ab6-81d8-75e9b6269c91.before.json"
"scripts/_rollback/f239e46d-0918-423f-9001-0078008c7adf.before.json","untracked","4177","quarantine",".cleanup-quarantine/2026-05-18/scripts/_rollback/f239e46d-0918-423f-9001-0078008c7adf.before.json"
"scripts/_rollback/f4309377-9d0c-40ae-b5f3-6775d356b224.before.json","untracked","4107","quarantine",".cleanup-quarantine/2026-05-18/scripts/_rollback/f4309377-9d0c-40ae-b5f3-6775d356b224.before.json"
"scripts/_rollback/f5d74bf7-3ef5-4813-a14f-76e656485f41.before.json","untracked","4159","quarantine",".cleanup-quarantine/2026-05-18/scripts/_rollback/f5d74bf7-3ef5-4813-a14f-76e656485f41.before.json"
"scripts/_rollback/f5f0777b-b7eb-4e0b-b3ac-d4f273adcc48.before.json","untracked","4098","quarantine",".cleanup-quarantine/2026-05-18/scripts/_rollback/f5f0777b-b7eb-4e0b-b3ac-d4f273adcc48.before.json"
"scripts/_rollback/f8339793-222a-4243-b4fd-056e23f0f4ca.before.json","untracked","4162","quarantine",".cleanup-quarantine/2026-05-18/scripts/_rollback/f8339793-222a-4243-b4fd-056e23f0f4ca.before.json"
"scripts/_rollback/f83f4fdc-72ab-4b4d-9bf2-2a2f3e2cea16.before.json","untracked","4173","quarantine",".cleanup-quarantine/2026-05-18/scripts/_rollback/f83f4fdc-72ab-4b4d-9bf2-2a2f3e2cea16.before.json"
"scripts/_rollback/f897ec5e-baed-44aa-a701-53d4e9185271.before.json","untracked","4170","quarantine",".cleanup-quarantine/2026-05-18/scripts/_rollback/f897ec5e-baed-44aa-a701-53d4e9185271.before.json"
"scripts/_rollback/f8f2583d-977b-421c-b876-04b280166230.before.json","untracked","4173","quarantine",".cleanup-quarantine/2026-05-18/scripts/_rollback/f8f2583d-977b-421c-b876-04b280166230.before.json"
"scripts/_rollback/f92b6bc3-5442-4889-97bd-9972d4d26d62.before.json","untracked","4163","quarantine",".cleanup-quarantine/2026-05-18/scripts/_rollback/f92b6bc3-5442-4889-97bd-9972d4d26d62.before.json"
"scripts/_rollback/f9b8b667-1dad-4975-8e1b-0e77017a808e.before.json","untracked","4171","quarantine",".cleanup-quarantine/2026-05-18/scripts/_rollback/f9b8b667-1dad-4975-8e1b-0e77017a808e.before.json"
"scripts/_rollback/fa338957-1d06-4772-960f-0eaf0a0e039b.before.json","untracked","4190","quarantine",".cleanup-quarantine/2026-05-18/scripts/_rollback/fa338957-1d06-4772-960f-0eaf0a0e039b.before.json"
"scripts/_rollback/fab82107-ef6d-46e8-9146-5ac6f0e79afa.before.json","untracked","4168","quarantine",".cleanup-quarantine/2026-05-18/scripts/_rollback/fab82107-ef6d-46e8-9146-5ac6f0e79afa.before.json"
"scripts/_rollback/fc86601c-729a-434f-802a-efc2c3d54194.before.json","untracked","4093","quarantine",".cleanup-quarantine/2026-05-18/scripts/_rollback/fc86601c-729a-434f-802a-efc2c3d54194.before.json"
"scripts/_rollback/fe3c1c9b-be65-4266-b0cc-9893bc0e0c50.before.json","untracked","4162","quarantine",".cleanup-quarantine/2026-05-18/scripts/_rollback/fe3c1c9b-be65-4266-b0cc-9893bc0e0c50.before.json"
"scripts/_rollback/ff318b81-e4f1-4af6-bea7-e6dc9d3cb0a9.before.json","untracked","4173","quarantine",".cleanup-quarantine/2026-05-18/scripts/_rollback/ff318b81-e4f1-4af6-bea7-e6dc9d3cb0a9.before.json"
"scripts/_rollback/ff82ed94-4583-4bf3-af21-b2dbbc9917cd.before.json","untracked","4091","quarantine",".cleanup-quarantine/2026-05-18/scripts/_rollback/ff82ed94-4583-4bf3-af21-b2dbbc9917cd.before.json"
"scripts/_rollback/ffa24bd8-b090-448a-bd0d-7d78f6c5a147.before.json","untracked","4106","quarantine",".cleanup-quarantine/2026-05-18/scripts/_rollback/ffa24bd8-b090-448a-bd0d-7d78f6c5a147.before.json"
"spatial graph 1.png","untracked","72253","quarantine",".cleanup-quarantine/2026-05-18/root-screenshots/spatial graph 1.png"
"still flat.png","untracked","107727","quarantine",".cleanup-quarantine/2026-05-18/root-screenshots/still flat.png"
"this is more what im searching for good.png","untracked","118726","quarantine",".cleanup-quarantine/2026-05-18/root-screenshots/this is more what im searching for good.png"
"this looks terrible.png","untracked","328725","quarantine",".cleanup-quarantine/2026-05-18/root-screenshots/this looks terrible.png"
"werid behaivors.png","untracked","515337","quarantine",".cleanup-quarantine/2026-05-18/root-screenshots/werid behaivors.png"
"wierd behaivors 2.png","untracked","270741","quarantine",".cleanup-quarantine/2026-05-18/root-screenshots/wierd behaivors 2.png"
